"","category","over_represented_pvalue","under_represented_pvalue","numDEInCat","numInCat","term","ontology","sample1","sample2","direction","genotype","analysis"
"1","GO:0019538",0.000423831874325137,0.999996399020051,2,18,"protein metabolic process","BP","tf2ambr","tf2aother","all","tf2","tf2ambr_tf2aother"
"2","GO:0008356",0.00078896439148693,1,1,1,"asymmetric cell division","BP","tf2ambr","tf2aother","all","tf2","tf2ambr_tf2aother"
"3","GO:0009956",0.00078896439148693,1,1,1,"radial pattern formation","BP","tf2ambr","tf2aother","all","tf2","tf2ambr_tf2aother"
"4","GO:0048366",0.00078896439148693,1,1,1,"leaf development","BP","tf2ambr","tf2aother","all","tf2","tf2ambr_tf2aother"
"5","GO:0004096",0.00251114458250698,0.999997965944325,1,3,"catalase activity","MF","tf2ambr","tf2aother","all","tf2","tf2ambr_tf2aother"
"6","GO:0006952",0.00543178390315654,0.999830256487059,2,19,"defense response","BP","tf2ambr","tf2aother","all","tf2","tf2ambr_tf2aother"
"7","GO:0006979",0.00679648313327107,0.999751272174199,2,38,"response to oxidative stress","BP","tf2ambr","tf2aother","all","tf2","tf2ambr_tf2aother"
"8","GO:0046983",0.00709720343258744,0.999383389750532,3,134,"protein dimerization activity","MF","tf2ambr","tf2aother","all","tf2","tf2ambr_tf2aother"
"9","GO:0004512",0.00879966371689012,0.999971825681429,1,4,"inositol-3-phosphate synthase activity","MF","tf2ambr","tf2aother","all","tf2","tf2ambr_tf2aother"
"10","GO:0006021",0.00879966371689012,0.999971825681429,1,4,"inositol biosynthetic process","BP","tf2ambr","tf2aother","all","tf2","tf2ambr_tf2aother"
"11","GO:0016717",0.0132099180759932,0.999927333924699,1,7,"oxidoreductase activity, acting on paired donors, with oxidation of a pair of donors resulting in the reduction of molecular oxygen to two molecules of water","MF","tf2ambr","tf2aother","all","tf2","tf2ambr_tf2aother"
"12","GO:0008654",0.0200686364913621,0.999823472220122,1,10,"phospholipid biosynthetic process","BP","tf2ambr","tf2aother","all","tf2","tf2ambr_tf2aother"
"13","GO:0055114",0.0312811738816204,0.992161552806251,5,758,"oxidation-reduction process","BP","tf2ambr","tf2aother","all","tf2","tf2ambr_tf2aother"
"14","GO:0016702",0.0323941546859678,0.999511249664695,1,21,"oxidoreductase activity, acting on single donors with incorporation of molecular oxygen, incorporation of two atoms of oxygen","MF","tf2ambr","tf2aother","all","tf2","tf2ambr_tf2aother"
"15","GO:0010333",0.034420364252867,0.999477826101738,1,10,"terpene synthase activity","MF","tf2ambr","tf2aother","all","tf2","tf2ambr_tf2aother"
"16","GO:0045735",0.0361687557442253,0.999430082106707,1,9,"nutrient reservoir activity","MF","tf2ambr","tf2aother","all","tf2","tf2ambr_tf2aother"
"17","GO:0042626",0.0383804652438186,0.999303916751013,1,28,"ATPase activity, coupled to transmembrane movement of substances","MF","tf2ambr","tf2aother","all","tf2","tf2ambr_tf2aother"
"18","GO:0008234",0.0417013752639318,0.999180850546123,1,25,"cysteine-type peptidase activity","MF","tf2ambr","tf2aother","all","tf2","tf2ambr_tf2aother"
"19","GO:0020037",0.049420349408655,0.994667751383131,2,162,"heme binding","MF","tf2ambr","tf2aother","all","tf2","tf2ambr_tf2aother"
"1985","GO:0004512",0.000910925642534474,0.999999792466426,1,4,"inositol-3-phosphate synthase activity","MF","tf2ambr","tf2aother","down","tf2","tf2ambr_tf2aother"
"1986","GO:0006021",0.000910925642534474,0.999999792466426,1,4,"inositol biosynthetic process","BP","tf2ambr","tf2aother","down","tf2","tf2ambr_tf2aother"
"1987","GO:0016717",0.00141869938439157,0.99999942457533,1,7,"oxidoreductase activity, acting on paired donors, with oxidation of a pair of donors resulting in the reduction of molecular oxygen to two molecules of water","MF","tf2ambr","tf2aother","down","tf2","tf2ambr_tf2aother"
"1988","GO:0008654",0.00212886420127511,0.999998639081339,1,10,"phospholipid biosynthetic process","BP","tf2ambr","tf2aother","down","tf2","tf2ambr_tf2aother"
"1989","GO:0006629",0.0161602865307918,0.99991327092072,1,92,"lipid metabolic process","BP","tf2ambr","tf2aother","down","tf2","tf2ambr_tf2aother"
"3969","GO:0019538",0.000546833402398126,0.999994748217641,2,18,"protein metabolic process","BP","tf2ambr","tf2aother","up","tf2","tf2ambr_tf2aother"
"3970","GO:0008356",0.00154760447857021,1,1,1,"asymmetric cell division","BP","tf2ambr","tf2aother","up","tf2","tf2ambr_tf2aother"
"3971","GO:0009956",0.00154760447857021,1,1,1,"radial pattern formation","BP","tf2ambr","tf2aother","up","tf2","tf2ambr_tf2aother"
"3972","GO:0048366",0.00154760447857021,1,1,1,"leaf development","BP","tf2ambr","tf2aother","up","tf2","tf2ambr_tf2aother"
"3973","GO:0006952",0.00224686270321807,0.999955601343787,2,19,"defense response","BP","tf2ambr","tf2aother","up","tf2","tf2ambr_tf2aother"
"3974","GO:0046983",0.00434081648168149,0.999686555850342,3,134,"protein dimerization activity","MF","tf2ambr","tf2aother","up","tf2","tf2ambr_tf2aother"
"3975","GO:0006979",0.00440467410858085,0.999871838113258,2,38,"response to oxidative stress","BP","tf2ambr","tf2aother","up","tf2","tf2ambr_tf2aother"
"3976","GO:0004096",0.00469902240963688,0.999992897549935,1,3,"catalase activity","MF","tf2ambr","tf2aother","up","tf2","tf2ambr_tf2aother"
"3977","GO:0045735",0.0264575173915578,0.999697348938157,1,9,"nutrient reservoir activity","MF","tf2ambr","tf2aother","up","tf2","tf2ambr_tf2aother"
"3978","GO:0010333",0.0268695805775188,0.999683928370115,1,10,"terpene synthase activity","MF","tf2ambr","tf2aother","up","tf2","tf2ambr_tf2aother"
"3979","GO:0016702",0.0388523756833075,0.999297928563244,1,21,"oxidoreductase activity, acting on single donors with incorporation of molecular oxygen, incorporation of two atoms of oxygen","MF","tf2ambr","tf2aother","up","tf2","tf2ambr_tf2aother"
"3980","GO:0016829",0.0428767278485064,0.99915360252763,1,17,"lyase activity","MF","tf2ambr","tf2aother","up","tf2","tf2ambr_tf2aother"
"3981","GO:0020037",0.0474804646049673,0.995016175580677,2,162,"heme binding","MF","tf2ambr","tf2aother","up","tf2","tf2ambr_tf2aother"
"3982","GO:0008234",0.0474841510212756,0.998939654248031,1,25,"cysteine-type peptidase activity","MF","tf2ambr","tf2aother","up","tf2","tf2ambr_tf2aother"
"3983","GO:0042626",0.0493995988642599,0.998846524611112,1,28,"ATPase activity, coupled to transmembrane movement of substances","MF","tf2ambr","tf2aother","up","tf2","tf2ambr_tf2aother"
"17881","GO:0055085",5.81050238934061e-12,1,50,328,"transmembrane transport","BP","tf2bmbr","tf2bother","all","tf2","tf2bmbr_tf2bother"
"17882","GO:0005524",1.35350997781015e-10,1,120,1490,"ATP binding","MF","tf2bmbr","tf2bother","all","tf2","tf2bmbr_tf2bother"
"17883","GO:0004672",6.52326844309937e-08,1,63,744,"protein kinase activity","MF","tf2bmbr","tf2bother","all","tf2","tf2bmbr_tf2bother"
"17884","GO:0006468",6.52326844309937e-08,1,63,744,"protein phosphorylation","BP","tf2bmbr","tf2bother","all","tf2","tf2bmbr_tf2bother"
"17885","GO:0008152",1.58114599188246e-07,1,63,503,"metabolic process","BP","tf2bmbr","tf2bother","all","tf2","tf2bmbr_tf2bother"
"17886","GO:0008536",2.93977891701104e-07,0.999999999286494,3,11,"Ran GTPase binding","MF","tf2bmbr","tf2bother","all","tf2","tf2bmbr_tf2bother"
"17887","GO:0016705",9.18286798017162e-07,0.999999694100121,35,139,"oxidoreductase activity, acting on paired donors, with incorporation or reduction of molecular oxygen","MF","tf2bmbr","tf2bother","all","tf2","tf2bmbr_tf2bother"
"17888","GO:0052861",1.47833604062982e-06,1,2,2,"glucan endo-1,3-beta-glucanase activity, C-3 substituted reducing group","MF","tf2bmbr","tf2bother","all","tf2","tf2bmbr_tf2bother"
"17889","GO:0005215",3.18320116283105e-06,0.999998938058465,30,169,"transporter activity","MF","tf2bmbr","tf2bother","all","tf2","tf2bmbr_tf2bother"
"17890","GO:0005488",1.36343355676057e-05,0.999995534014515,24,296,"binding","MF","tf2bmbr","tf2bother","all","tf2","tf2bmbr_tf2bother"
"17891","GO:0003824",4.39162685024362e-05,0.999975623161206,70,714,"catalytic activity","MF","tf2bmbr","tf2bother","all","tf2","tf2bmbr_tf2bother"
"17892","GO:0005515",6.51751291564904e-05,0.999954632603397,179,2476,"protein binding","MF","tf2bmbr","tf2bother","all","tf2","tf2bmbr_tf2bother"
"17893","GO:0046983",7.211899390903e-05,0.99996519515805,52,174,"protein dimerization activity","MF","tf2bmbr","tf2bother","all","tf2","tf2bmbr_tf2bother"
"17894","GO:0008146",8.59943357458435e-05,0.999991161516131,11,15,"sulfotransferase activity","MF","tf2bmbr","tf2bother","all","tf2","tf2bmbr_tf2bother"
"17895","GO:0004970",9.67802629479742e-05,0.99999960836101,2,12,"ionotropic glutamate receptor activity","MF","tf2bmbr","tf2bother","all","tf2","tf2bmbr_tf2bother"
"17896","GO:0006814",9.9760779135245e-05,0.999999655900428,2,6,"sodium ion transport","BP","tf2bmbr","tf2bother","all","tf2","tf2bmbr_tf2bother"
"17897","GO:0016020",0.000100255006719551,0.999940303300617,83,675,"membrane","CC","tf2bmbr","tf2bother","all","tf2","tf2bmbr_tf2bother"
"17898","GO:0020037",0.000191353123709139,0.999907548529807,43,192,"heme binding","MF","tf2bmbr","tf2bother","all","tf2","tf2bmbr_tf2bother"
"17899","GO:0030170",0.000194265696380604,0.999951989051551,13,74,"pyridoxal phosphate binding","MF","tf2bmbr","tf2bother","all","tf2","tf2bmbr_tf2bother"
"17900","GO:0000272",0.000232040065680359,0.999998707673816,2,7,"polysaccharide catabolic process","BP","tf2bmbr","tf2bother","all","tf2","tf2bmbr_tf2bother"
"17901","GO:0016161",0.000232040065680359,0.999998707673816,2,7,"beta-amylase activity","MF","tf2bmbr","tf2bother","all","tf2","tf2bmbr_tf2bother"
"17902","GO:0006418",0.000250623947458748,0.999986411952962,4,35,"tRNA aminoacylation for protein translation","BP","tf2bmbr","tf2bother","all","tf2","tf2bmbr_tf2bother"
"17903","GO:0006508",0.000251361636927337,0.999884182470405,34,269,"proteolysis","BP","tf2bmbr","tf2bother","all","tf2","tf2bmbr_tf2bother"
"17904","GO:0005506",0.000274244580108196,0.999873219631101,36,179,"iron ion binding","MF","tf2bmbr","tf2bother","all","tf2","tf2bmbr_tf2bother"
"17905","GO:0004812",0.000277854810947995,0.999984485844442,4,36,"aminoacyl-tRNA ligase activity","MF","tf2bmbr","tf2bother","all","tf2","tf2bmbr_tf2bother"
"17906","GO:0004553",0.000281818471514379,0.999900689508782,20,137,"hydrolase activity, hydrolyzing O-glycosyl compounds","MF","tf2bmbr","tf2bother","all","tf2","tf2bmbr_tf2bother"
"17907","GO:0006855",0.000498844776320529,0.999913569017625,8,43,"drug transmembrane transport","BP","tf2bmbr","tf2bother","all","tf2","tf2bmbr_tf2bother"
"17908","GO:0015238",0.000498844776320529,0.999913569017625,8,43,"drug transmembrane transporter activity","MF","tf2bmbr","tf2bother","all","tf2","tf2bmbr_tf2bother"
"17909","GO:0015297",0.000498844776320529,0.999913569017625,8,43,"antiporter activity","MF","tf2bmbr","tf2bother","all","tf2","tf2bmbr_tf2bother"
"17910","GO:0005975",0.000582559728839378,0.999730948722253,30,271,"carbohydrate metabolic process","BP","tf2bmbr","tf2bother","all","tf2","tf2bmbr_tf2bother"
"17911","GO:0004402",0.000605537747625401,0.999983684588579,3,7,"histone acetyltransferase activity","MF","tf2bmbr","tf2bother","all","tf2","tf2bmbr_tf2bother"
"17912","GO:0009694",0.0006908786855327,0.999993068269067,2,8,"jasmonic acid metabolic process","BP","tf2bmbr","tf2bother","all","tf2","tf2bmbr_tf2bother"
"17913","GO:0009864",0.0006908786855327,0.999993068269067,2,8,"induced systemic resistance, jasmonic acid mediated signaling pathway","BP","tf2bmbr","tf2bother","all","tf2","tf2bmbr_tf2bother"
"17914","GO:0080123",0.0006908786855327,0.999993068269067,2,8,"jasmonate-amino synthetase activity","MF","tf2bmbr","tf2bother","all","tf2","tf2bmbr_tf2bother"
"17915","GO:0043531",0.00084933731600713,0.999714279591068,16,100,"ADP binding","MF","tf2bmbr","tf2bother","all","tf2","tf2bmbr_tf2bother"
"17916","GO:0016747",0.000854269559624238,0.999711811252611,17,72,"transferase activity, transferring acyl groups other than amino-acyl groups","MF","tf2bmbr","tf2bother","all","tf2","tf2bmbr_tf2bother"
"17917","GO:0008265",0.00121640278959293,1,1,1,"Mo-molybdopterin cofactor sulfurase activity","MF","tf2bmbr","tf2bother","all","tf2","tf2bmbr_tf2bother"
"17918","GO:0019948",0.00121645042068019,1,1,1,"SUMO activating enzyme activity","MF","tf2bmbr","tf2bother","all","tf2","tf2bmbr_tf2bother"
"17919","GO:0004555",0.00142701197579664,1,1,1,"alpha,alpha-trehalase activity","MF","tf2bmbr","tf2bother","all","tf2","tf2bmbr_tf2bother"
"17920","GO:0005991",0.00142701197579664,1,1,1,"trehalose metabolic process","BP","tf2bmbr","tf2bother","all","tf2","tf2bmbr_tf2bother"
"17921","GO:0016973",0.00149447805222963,1,1,1,"poly(A)+ mRNA export from nucleus","BP","tf2bmbr","tf2bother","all","tf2","tf2bmbr_tf2bother"
"17922","GO:0004451",0.00153303536837351,1,1,1,"isocitrate lyase activity","MF","tf2bmbr","tf2bother","all","tf2","tf2bmbr_tf2bother"
"17923","GO:0009765",0.00210178107924682,0.999400088569465,13,34,"photosynthesis, light harvesting","BP","tf2bmbr","tf2bother","all","tf2","tf2bmbr_tf2bother"
"17924","GO:0004822",0.00243119197790235,0.999998521928921,1,2,"isoleucine-tRNA ligase activity","MF","tf2bmbr","tf2bother","all","tf2","tf2bmbr_tf2bother"
"17925","GO:0006428",0.00243119197790235,0.999998521928921,1,2,"isoleucyl-tRNA aminoacylation","BP","tf2bmbr","tf2bother","all","tf2","tf2bmbr_tf2bother"
"17926","GO:0017038",0.00243121614634728,0.999998521899516,1,2,"protein import","BP","tf2bmbr","tf2bother","all","tf2","tf2bmbr_tf2bother"
"17927","GO:0004591",0.0024312278882866,0.99999852188523,1,2,"oxoglutarate dehydrogenase (succinyl-transferring) activity","MF","tf2bmbr","tf2bother","all","tf2","tf2bmbr_tf2bother"
"17928","GO:0031668",0.00243129826742134,0.9999985217996,1,2,"cellular response to extracellular stimulus","BP","tf2bmbr","tf2bother","all","tf2","tf2bmbr_tf2bother"
"17929","GO:0004018",0.00254785272110721,1,1,1,"N6-(1,2-dicarboxyethyl)AMP AMP-lyase (fumarate-forming) activity","MF","tf2bmbr","tf2bother","all","tf2","tf2bmbr_tf2bother"
"17930","GO:0006188",0.00254785272110721,1,1,1,"IMP biosynthetic process","BP","tf2bmbr","tf2bother","all","tf2","tf2bmbr_tf2bother"
"17931","GO:0009152",0.00254785272110721,1,1,1,"purine ribonucleotide biosynthetic process","BP","tf2bmbr","tf2bother","all","tf2","tf2bmbr_tf2bother"
"17932","GO:0005216",0.00273195167380211,0.999624942345599,5,30,"ion channel activity","MF","tf2bmbr","tf2bother","all","tf2","tf2bmbr_tf2bother"
"17933","GO:0004134",0.00281173225691473,0.999998022631512,1,2,"4-alpha-glucanotransferase activity","MF","tf2bmbr","tf2bother","all","tf2","tf2bmbr_tf2bother"
"17934","GO:0006812",0.00305836683756482,0.9995611274966,5,36,"cation transport","BP","tf2bmbr","tf2bother","all","tf2","tf2bmbr_tf2bother"
"17935","GO:0015846",0.00328036211657945,1,1,1,"polyamine transport","BP","tf2bmbr","tf2bother","all","tf2","tf2bmbr_tf2bother"
"17936","GO:0019808",0.00328036211657945,1,1,1,"polyamine binding","MF","tf2bmbr","tf2bother","all","tf2","tf2bmbr_tf2bother"
"17937","GO:0042597",0.00328036211657945,1,1,1,"periplasmic space","CC","tf2bmbr","tf2bother","all","tf2","tf2bmbr_tf2bother"
"17938","GO:0005345",0.00342381362858483,1,1,1,"purine nucleobase transmembrane transporter activity","MF","tf2bmbr","tf2bother","all","tf2","tf2bmbr_tf2bother"
"17939","GO:0006863",0.00342381362858483,1,1,1,"purine nucleobase transport","BP","tf2bmbr","tf2bother","all","tf2","tf2bmbr_tf2bother"
"17940","GO:0051017",0.00364466130082601,0.999995569159945,1,3,"actin filament bundle assembly","BP","tf2bmbr","tf2bother","all","tf2","tf2bmbr_tf2bother"
"17941","GO:0000220",0.00364480212360395,0.999995568817262,1,3,"vacuolar proton-transporting V-type ATPase, V0 domain","CC","tf2bmbr","tf2bother","all","tf2","tf2bmbr_tf2bother"
"17942","GO:0004820",0.00364482105130356,0.999995568771201,1,3,"glycine-tRNA ligase activity","MF","tf2bmbr","tf2bother","all","tf2","tf2bmbr_tf2bother"
"17943","GO:0006426",0.00364482105130356,0.999995568771201,1,3,"glycyl-tRNA aminoacylation","BP","tf2bmbr","tf2bother","all","tf2","tf2bmbr_tf2bother"
"17944","GO:0008661",0.00364491147447597,0.999995568551154,1,3,"1-deoxy-D-xylulose-5-phosphate synthase activity","MF","tf2bmbr","tf2bother","all","tf2","tf2bmbr_tf2bother"
"17945","GO:0008410",0.00381111273014597,1,1,1,"CoA-transferase activity","MF","tf2bmbr","tf2bother","all","tf2","tf2bmbr_tf2bother"
"17946","GO:0004823",0.00410032941492747,0.999995792172028,1,2,"leucine-tRNA ligase activity","MF","tf2bmbr","tf2bother","all","tf2","tf2bmbr_tf2bother"
"17947","GO:0006429",0.00410032941492747,0.999995792172028,1,2,"leucyl-tRNA aminoacylation","BP","tf2bmbr","tf2bother","all","tf2","tf2bmbr_tf2bother"
"17948","GO:0004370",0.00424113181286787,1,1,1,"glycerol kinase activity","MF","tf2bmbr","tf2bother","all","tf2","tf2bmbr_tf2bother"
"17949","GO:0006437",0.00433245536557351,1,1,1,"tyrosyl-tRNA aminoacylation","BP","tf2bmbr","tf2bother","all","tf2","tf2bmbr_tf2bother"
"17950","GO:0006817",0.0045023395323827,0.99999492560089,1,2,"phosphate ion transport","BP","tf2bmbr","tf2bother","all","tf2","tf2bmbr_tf2bother"
"17951","GO:0000184",0.00485650953704502,0.999991145810545,1,4,"nuclear-transcribed mRNA catabolic process, nonsense-mediated decay","BP","tf2bmbr","tf2bother","all","tf2","tf2bmbr_tf2bother"
"17952","GO:0003724",0.00485659135809302,0.999991145511893,1,4,"RNA helicase activity","MF","tf2bmbr","tf2bother","all","tf2","tf2bmbr_tf2bother"
"17953","GO:0008883",0.00490702963574149,0.99999397115989,1,2,"glutamyl-tRNA reductase activity","MF","tf2bmbr","tf2bother","all","tf2","tf2bmbr_tf2bother"
"17954","GO:0005247",0.00533008815742964,0.999840702352569,2,10,"voltage-gated chloride channel activity","MF","tf2bmbr","tf2bother","all","tf2","tf2bmbr_tf2bother"
"17955","GO:0016757",0.00567281677977879,0.998860907724935,6,39,"transferase activity, transferring glycosyl groups","MF","tf2bmbr","tf2bother","all","tf2","tf2bmbr_tf2bother"
"17956","GO:0071949",0.00726686925244725,0.999757273917054,2,8,"FAD binding","MF","tf2bmbr","tf2bother","all","tf2","tf2bmbr_tf2bother"
"17957","GO:0019829",0.00727626953517042,0.999977898214384,1,6,"cation-transporting ATPase activity","MF","tf2bmbr","tf2bother","all","tf2","tf2bmbr_tf2bother"
"17958","GO:0005471",0.00754884645126772,0.999980958978484,1,3,"ATP:ADP antiporter activity","MF","tf2bmbr","tf2bother","all","tf2","tf2bmbr_tf2bother"
"17959","GO:0000165",0.00789767712725203,0.997988203164494,11,19,"MAPK cascade","BP","tf2bmbr","tf2bother","all","tf2","tf2bmbr_tf2bother"
"17960","GO:0000977",0.00789767712725203,0.997988203164494,11,19,"RNA polymerase II regulatory region sequence-specific DNA binding","MF","tf2bmbr","tf2bother","all","tf2","tf2bmbr_tf2bother"
"17961","GO:0006754",0.00863000907927858,0.999970134106796,1,5,"ATP biosynthetic process","BP","tf2bmbr","tf2bother","all","tf2","tf2bmbr_tf2bother"
"17962","GO:0008641",0.00920042842927713,0.999628886969167,2,11,"small protein activating enzyme activity","MF","tf2bmbr","tf2bother","all","tf2","tf2bmbr_tf2bother"
"17963","GO:0045944",0.00924916538881266,0.997504219228987,11,20,"positive regulation of transcription from RNA polymerase II promoter","BP","tf2bmbr","tf2bother","all","tf2","tf2bmbr_tf2bother"
"17964","GO:0003924",0.00965248367710269,0.998094320041568,5,82,"GTPase activity","MF","tf2bmbr","tf2bother","all","tf2","tf2bmbr_tf2bother"
"17965","GO:0036459",0.00993663235120849,0.998538564303234,4,30,"thiol-dependent ubiquitinyl hydrolase activity","MF","tf2bmbr","tf2bother","all","tf2","tf2bmbr_tf2bother"
"17966","GO:0022857",0.0107966253876366,0.996590300362843,9,54,"transmembrane transporter activity","MF","tf2bmbr","tf2bother","all","tf2","tf2bmbr_tf2bother"
"17967","GO:0030127",0.0108947902118837,0.999947081960741,1,9,"COPII vesicle coat","CC","tf2bmbr","tf2bother","all","tf2","tf2bmbr_tf2bother"
"17968","GO:0006857",0.01168124844775,0.998230164010617,4,25,"oligopeptide transport","BP","tf2bmbr","tf2bother","all","tf2","tf2bmbr_tf2bother"
"17969","GO:0005516",0.0120302044239106,0.9994063886117,2,18,"calmodulin binding","MF","tf2bmbr","tf2bother","all","tf2","tf2bmbr_tf2bother"
"17970","GO:0055114",0.0121025954715433,0.991070112298497,100,814,"oxidation-reduction process","BP","tf2bmbr","tf2bother","all","tf2","tf2bmbr_tf2bother"
"17971","GO:0010333",0.0131663037900012,0.996675616120108,9,17,"terpene synthase activity","MF","tf2bmbr","tf2bother","all","tf2","tf2bmbr_tf2bother"
"17972","GO:0004411",0.0132925775705368,1,1,1,"homogentisate 1,2-dioxygenase activity","MF","tf2bmbr","tf2bother","all","tf2","tf2bmbr_tf2bother"
"17973","GO:0006570",0.0132925775705368,1,1,1,"tyrosine metabolic process","BP","tf2bmbr","tf2bother","all","tf2","tf2bmbr_tf2bother"
"17974","GO:0015743",0.0135860322750957,0.999938157122486,1,3,"malate transport","BP","tf2bmbr","tf2bother","all","tf2","tf2bmbr_tf2bother"
"17975","GO:0000234",0.014186615144694,0.999949372625652,1,2,"phosphoethanolamine N-methyltransferase activity","MF","tf2bmbr","tf2bother","all","tf2","tf2bmbr_tf2bother"
"17976","GO:0006656",0.014186615144694,0.999949372625652,1,2,"phosphatidylcholine biosynthetic process","BP","tf2bmbr","tf2bother","all","tf2","tf2bmbr_tf2bother"
"17977","GO:0004030",0.0175925714444272,0.999922010581806,1,2,"aldehyde dehydrogenase [NAD(P)+] activity","MF","tf2bmbr","tf2bother","all","tf2","tf2bmbr_tf2bother"
"17978","GO:0006081",0.0175925714444272,0.999922010581806,1,2,"cellular aldehyde metabolic process","BP","tf2bmbr","tf2bother","all","tf2","tf2bmbr_tf2bother"
"17979","GO:0047262",0.018144295346189,0.997883523409629,3,16,"polygalacturonate 4-alpha-galacturonosyltransferase activity","MF","tf2bmbr","tf2bother","all","tf2","tf2bmbr_tf2bother"
"17980","GO:0008495",0.0192644852641533,1,1,1,"protoheme IX farnesyltransferase activity","MF","tf2bmbr","tf2bother","all","tf2","tf2bmbr_tf2bother"
"17981","GO:0048034",0.0192644852641533,1,1,1,"heme O biosynthetic process","BP","tf2bmbr","tf2bother","all","tf2","tf2bmbr_tf2bother"
"17982","GO:0016758",0.0196715217772682,0.991145918546053,14,114,"transferase activity, transferring hexosyl groups","MF","tf2bmbr","tf2bother","all","tf2","tf2bmbr_tf2bother"
"17983","GO:0048544",0.0201075627958625,0.997456426842465,3,23,"recognition of pollen","BP","tf2bmbr","tf2bother","all","tf2","tf2bmbr_tf2bother"
"17984","GO:0051015",0.0211346920847562,0.999831162860292,1,4,"actin filament binding","MF","tf2bmbr","tf2bother","all","tf2","tf2bmbr_tf2bother"
"17985","GO:0003887",0.0215724624181225,0.997290028443966,3,17,"DNA-directed DNA polymerase activity","MF","tf2bmbr","tf2bother","all","tf2","tf2bmbr_tf2bother"
"17986","GO:0004000",0.0220438367238085,1,1,1,"adenosine deaminase activity","MF","tf2bmbr","tf2bother","all","tf2","tf2bmbr_tf2bother"
"17987","GO:0004419",0.0223688382672956,1,1,1,"hydroxymethylglutaryl-CoA lyase activity","MF","tf2bmbr","tf2bother","all","tf2","tf2bmbr_tf2bother"
"17988","GO:0004252",0.0230304988779628,0.990253352620301,12,80,"serine-type endopeptidase activity","MF","tf2bmbr","tf2bother","all","tf2","tf2bmbr_tf2bother"
"17989","GO:0004096",0.0233379555332163,0.999816709662021,1,3,"catalase activity","MF","tf2bmbr","tf2bother","all","tf2","tf2bmbr_tf2bother"
"17990","GO:0030259",0.0235013783570057,0.999777179588161,1,5,"lipid glycosylation","BP","tf2bmbr","tf2bother","all","tf2","tf2bmbr_tf2bother"
"17991","GO:0007165",0.0236293460828415,0.992419411155063,7,104,"signal transduction","BP","tf2bmbr","tf2bother","all","tf2","tf2bmbr_tf2bother"
"17992","GO:0004335",0.0246866491951355,0.999845876782552,1,2,"galactokinase activity","MF","tf2bmbr","tf2bother","all","tf2","tf2bmbr_tf2bother"
"17993","GO:0016851",0.0257383668665136,0.99977682370317,1,3,"magnesium chelatase activity","MF","tf2bmbr","tf2bother","all","tf2","tf2bmbr_tf2bother"
"17994","GO:0008081",0.0259088943672341,0.996483224976845,3,18,"phosphoric diester hydrolase activity","MF","tf2bmbr","tf2bother","all","tf2","tf2bmbr_tf2bother"
"17995","GO:0015299",0.0277918030499387,0.996124269866324,3,18,"solute:proton antiporter activity","MF","tf2bmbr","tf2bother","all","tf2","tf2bmbr_tf2bother"
"17996","GO:0016887",0.0282835358870946,0.988023253322304,11,94,"ATPase activity","MF","tf2bmbr","tf2bother","all","tf2","tf2bmbr_tf2bother"
"17997","GO:0071446",0.0293139636304683,0.997451757990913,3,5,"cellular response to salicylic acid stimulus","BP","tf2bmbr","tf2bother","all","tf2","tf2bmbr_tf2bother"
"17998","GO:2000031",0.0293139636304683,0.997451757990913,3,5,"regulation of salicylic acid mediated signaling pathway","BP","tf2bmbr","tf2bother","all","tf2","tf2bmbr_tf2bother"
"17999","GO:0007010",0.0315392540419428,0.999553067632035,1,9,"cytoskeleton organization","BP","tf2bmbr","tf2bother","all","tf2","tf2bmbr_tf2bother"
"18000","GO:0006821",0.0321502343192602,0.997483268783678,2,11,"chloride transport","BP","tf2bmbr","tf2bother","all","tf2","tf2bmbr_tf2bother"
"18001","GO:0003712",0.0331397089910857,0.995559908489011,3,10,"transcription cofactor activity","MF","tf2bmbr","tf2bother","all","tf2","tf2bmbr_tf2bother"
"18002","GO:0016874",0.0333874834598839,0.999476660220104,1,14,"ligase activity","MF","tf2bmbr","tf2bother","all","tf2","tf2bmbr_tf2bother"
"18003","GO:0009396",0.0338151622081805,0.995573364739048,3,9,"folic acid-containing compound biosynthetic process","BP","tf2bmbr","tf2bother","all","tf2","tf2bmbr_tf2bother"
"18004","GO:0022891",0.0356195783916981,0.992319018295815,4,29,"substrate-specific transmembrane transporter activity","MF","tf2bmbr","tf2bother","all","tf2","tf2bmbr_tf2bother"
"18005","GO:0008483",0.0358362622516612,0.996858342041492,2,17,"transaminase activity","MF","tf2bmbr","tf2bother","all","tf2","tf2bmbr_tf2bother"
"18006","GO:0006810",0.0375523204532285,0.976011014034345,33,246,"transport","BP","tf2bmbr","tf2bother","all","tf2","tf2bmbr_tf2bother"
"18007","GO:0003682",0.0381155430938599,0.991655510257019,4,27,"chromatin binding","MF","tf2bmbr","tf2bother","all","tf2","tf2bmbr_tf2bother"
"18008","GO:0016579",0.0385031923446908,0.991369601498321,4,35,"protein deubiquitination","BP","tf2bmbr","tf2bother","all","tf2","tf2bmbr_tf2bother"
"18009","GO:0016773",0.0399806784466086,0.993288203925938,3,29,"phosphotransferase activity, alcohol group as acceptor","MF","tf2bmbr","tf2bother","all","tf2","tf2bmbr_tf2bother"
"18010","GO:0043141",0.0417790415479388,0.99940764811351,1,3,"ATP-dependent 5'-3' DNA helicase activity","MF","tf2bmbr","tf2bother","all","tf2","tf2bmbr_tf2bother"
"18011","GO:0003777",0.0419413410191036,0.990104322810852,4,56,"microtubule motor activity","MF","tf2bmbr","tf2bother","all","tf2","tf2bmbr_tf2bother"
"18012","GO:0007018",0.0419413410191036,0.990104322810852,4,56,"microtubule-based movement","BP","tf2bmbr","tf2bother","all","tf2","tf2bmbr_tf2bother"
"18013","GO:0019752",0.0424188624434133,0.989116058466391,5,19,"carboxylic acid metabolic process","BP","tf2bmbr","tf2bother","all","tf2","tf2bmbr_tf2bother"
"18014","GO:0016829",0.0429640828953785,0.98453592019477,9,24,"lyase activity","MF","tf2bmbr","tf2bother","all","tf2","tf2bmbr_tf2bother"
"18015","GO:0002161",0.0440458000624016,0.99605295984346,2,9,"aminoacyl-tRNA editing activity","MF","tf2bmbr","tf2bother","all","tf2","tf2bmbr_tf2bother"
"18016","GO:0008017",0.0449976280015766,0.986878029936309,5,74,"microtubule binding","MF","tf2bmbr","tf2bother","all","tf2","tf2bmbr_tf2bother"
"18017","GO:0005199",0.0476369713014095,0.993616781206549,4,6,"structural constituent of cell wall","MF","tf2bmbr","tf2bother","all","tf2","tf2bmbr_tf2bother"
"18018","GO:0016301",0.0476986342194443,0.991204758680308,3,46,"kinase activity","MF","tf2bmbr","tf2bother","all","tf2","tf2bmbr_tf2bother"
"19875","GO:0055085",3.29201978846952e-12,1,48,328,"transmembrane transport","BP","tf2bmbr","tf2bother","down","tf2","tf2bmbr_tf2bother"
"19876","GO:0005524",2.32142386284893e-11,1,115,1490,"ATP binding","MF","tf2bmbr","tf2bother","down","tf2","tf2bmbr_tf2bother"
"19877","GO:0004672",6.84903673529634e-09,1,62,744,"protein kinase activity","MF","tf2bmbr","tf2bother","down","tf2","tf2bmbr_tf2bother"
"19878","GO:0006468",6.84903673529634e-09,1,62,744,"protein phosphorylation","BP","tf2bmbr","tf2bother","down","tf2","tf2bmbr_tf2bother"
"19879","GO:0016705",1.18840267111731e-07,0.999999964010802,35,139,"oxidoreductase activity, acting on paired donors, with incorporation or reduction of molecular oxygen","MF","tf2bmbr","tf2bother","down","tf2","tf2bmbr_tf2bother"
"19880","GO:0008536",2.57904209109324e-07,0.999999999400941,3,11,"Ran GTPase binding","MF","tf2bmbr","tf2bother","down","tf2","tf2bmbr_tf2bother"
"19881","GO:0008152",4.37811138789038e-07,1,58,503,"metabolic process","BP","tf2bmbr","tf2bother","down","tf2","tf2bmbr_tf2bother"
"19882","GO:0052861",1.35483659376922e-06,1,2,2,"glucan endo-1,3-beta-glucanase activity, C-3 substituted reducing group","MF","tf2bmbr","tf2bother","down","tf2","tf2bmbr_tf2bother"
"19883","GO:0005488",3.225311355193e-06,0.999999033772183,24,296,"binding","MF","tf2bmbr","tf2bother","down","tf2","tf2bmbr_tf2bother"
"19884","GO:0005515",1.37642214751401e-05,0.999991028475376,170,2476,"protein binding","MF","tf2bmbr","tf2bother","down","tf2","tf2bmbr_tf2bother"
"19885","GO:0005506",4.93216470549514e-05,0.999979239469188,36,179,"iron ion binding","MF","tf2bmbr","tf2bother","down","tf2","tf2bmbr_tf2bother"
"19886","GO:0004970",8.87081332614676e-05,0.999999656419831,2,12,"ionotropic glutamate receptor activity","MF","tf2bmbr","tf2bother","down","tf2","tf2bmbr_tf2bother"
"19887","GO:0046983",0.00014772822962117,0.999927944147643,48,174,"protein dimerization activity","MF","tf2bmbr","tf2bother","down","tf2","tf2bmbr_tf2bother"
"19888","GO:0006418",0.000182815788218159,0.999990879634519,4,35,"tRNA aminoacylation for protein translation","BP","tf2bmbr","tf2bother","down","tf2","tf2bmbr_tf2bother"
"19889","GO:0004812",0.000202795320664243,0.999989580430664,4,36,"aminoacyl-tRNA ligase activity","MF","tf2bmbr","tf2bother","down","tf2","tf2bmbr_tf2bother"
"19890","GO:0003824",0.000313999892633728,0.999818042378376,62,714,"catalytic activity","MF","tf2bmbr","tf2bother","down","tf2","tf2bmbr_tf2bother"
"19891","GO:0016747",0.000319792828651467,0.999901566799424,17,72,"transferase activity, transferring acyl groups other than amino-acyl groups","MF","tf2bmbr","tf2bother","down","tf2","tf2bmbr_tf2bother"
"19892","GO:0030170",0.000332409291757385,0.999918039649467,12,74,"pyridoxal phosphate binding","MF","tf2bmbr","tf2bother","down","tf2","tf2bmbr_tf2bother"
"19893","GO:0004402",0.000469862757980092,0.999988409882311,3,7,"histone acetyltransferase activity","MF","tf2bmbr","tf2bother","down","tf2","tf2bmbr_tf2bother"
"19894","GO:0020037",0.000537591312397277,0.999733978589969,39,192,"heme binding","MF","tf2bmbr","tf2bother","down","tf2","tf2bmbr_tf2bother"
"19895","GO:0009694",0.000591633673788679,0.999994512178076,2,8,"jasmonic acid metabolic process","BP","tf2bmbr","tf2bother","down","tf2","tf2bmbr_tf2bother"
"19896","GO:0009864",0.000591633673788679,0.999994512178076,2,8,"induced systemic resistance, jasmonic acid mediated signaling pathway","BP","tf2bmbr","tf2bother","down","tf2","tf2bmbr_tf2bother"
"19897","GO:0080123",0.000591633673788679,0.999994512178076,2,8,"jasmonate-amino synthetase activity","MF","tf2bmbr","tf2bother","down","tf2","tf2bmbr_tf2bother"
"19898","GO:0004553",0.000725859666582964,0.999738383701628,18,137,"hydrolase activity, hydrolyzing O-glycosyl compounds","MF","tf2bmbr","tf2bother","down","tf2","tf2bmbr_tf2bother"
"19899","GO:0043531",0.00100609612042732,0.999668380241083,15,100,"ADP binding","MF","tf2bmbr","tf2bother","down","tf2","tf2bmbr_tf2bother"
"19900","GO:0006508",0.0011026764243874,0.999469740880045,30,269,"proteolysis","BP","tf2bmbr","tf2bother","down","tf2","tf2bmbr_tf2bother"
"19901","GO:0008265",0.00116440353453747,1,1,1,"Mo-molybdopterin cofactor sulfurase activity","MF","tf2bmbr","tf2bother","down","tf2","tf2bmbr_tf2bother"
"19902","GO:0019948",0.0011647697136032,1,1,1,"SUMO activating enzyme activity","MF","tf2bmbr","tf2bother","down","tf2","tf2bmbr_tf2bother"
"19903","GO:0004555",0.00135758348807446,1,1,1,"alpha,alpha-trehalase activity","MF","tf2bmbr","tf2bother","down","tf2","tf2bmbr_tf2bother"
"19904","GO:0005991",0.00135758348807446,1,1,1,"trehalose metabolic process","BP","tf2bmbr","tf2bother","down","tf2","tf2bmbr_tf2bother"
"19905","GO:0016973",0.00141927094128238,1,1,1,"poly(A)+ mRNA export from nucleus","BP","tf2bmbr","tf2bother","down","tf2","tf2bmbr_tf2bother"
"19906","GO:0006855",0.00152879917047601,0.999720953488363,7,43,"drug transmembrane transport","BP","tf2bmbr","tf2bother","down","tf2","tf2bmbr_tf2bother"
"19907","GO:0015238",0.00152879917047601,0.999720953488363,7,43,"drug transmembrane transporter activity","MF","tf2bmbr","tf2bother","down","tf2","tf2bmbr_tf2bother"
"19908","GO:0015297",0.00152879917047601,0.999720953488363,7,43,"antiporter activity","MF","tf2bmbr","tf2bother","down","tf2","tf2bmbr_tf2bother"
"19909","GO:0005215",0.00162974911770303,0.999299984586664,22,169,"transporter activity","MF","tf2bmbr","tf2bother","down","tf2","tf2bmbr_tf2bother"
"19910","GO:0005216",0.00187216581214302,0.999764544012474,5,30,"ion channel activity","MF","tf2bmbr","tf2bother","down","tf2","tf2bmbr_tf2bother"
"19911","GO:0006812",0.00210237682749137,0.999723462946524,5,36,"cation transport","BP","tf2bmbr","tf2bother","down","tf2","tf2bmbr_tf2bother"
"19912","GO:0004822",0.00232741270913706,0.999998645596528,1,2,"isoleucine-tRNA ligase activity","MF","tf2bmbr","tf2bother","down","tf2","tf2bmbr_tf2bother"
"19913","GO:0006428",0.00232741270913706,0.999998645596528,1,2,"isoleucyl-tRNA aminoacylation","BP","tf2bmbr","tf2bother","down","tf2","tf2bmbr_tf2bother"
"19914","GO:0017038",0.00232741274661936,0.999998645596484,1,2,"protein import","BP","tf2bmbr","tf2bother","down","tf2","tf2bmbr_tf2bother"
"19915","GO:0004591",0.00232741276498986,0.999998645596463,1,2,"oxoglutarate dehydrogenase (succinyl-transferring) activity","MF","tf2bmbr","tf2bother","down","tf2","tf2bmbr_tf2bother"
"19916","GO:0031668",0.00232742104569509,0.99999864558682,1,2,"cellular response to extracellular stimulus","BP","tf2bmbr","tf2bother","down","tf2","tf2bmbr_tf2bother"
"19917","GO:0004018",0.00238227479391261,1,1,1,"N6-(1,2-dicarboxyethyl)AMP AMP-lyase (fumarate-forming) activity","MF","tf2bmbr","tf2bother","down","tf2","tf2bmbr_tf2bother"
"19918","GO:0006188",0.00238227479391261,1,1,1,"IMP biosynthetic process","BP","tf2bmbr","tf2bother","down","tf2","tf2bmbr_tf2bother"
"19919","GO:0009152",0.00238227479391261,1,1,1,"purine ribonucleotide biosynthetic process","BP","tf2bmbr","tf2bother","down","tf2","tf2bmbr_tf2bother"
"19920","GO:0004134",0.00267591542167345,0.999998209303795,1,2,"4-alpha-glucanotransferase activity","MF","tf2bmbr","tf2bother","down","tf2","tf2bmbr_tf2bother"
"19921","GO:0005975",0.00295929044252479,0.998551578576048,26,271,"carbohydrate metabolic process","BP","tf2bmbr","tf2bother","down","tf2","tf2bmbr_tf2bother"
"19922","GO:0015846",0.0030519309237711,1,1,1,"polyamine transport","BP","tf2bmbr","tf2bother","down","tf2","tf2bmbr_tf2bother"
"19923","GO:0019808",0.0030519309237711,1,1,1,"polyamine binding","MF","tf2bmbr","tf2bother","down","tf2","tf2bmbr_tf2bother"
"19924","GO:0042597",0.0030519309237711,1,1,1,"periplasmic space","CC","tf2bmbr","tf2bother","down","tf2","tf2bmbr_tf2bother"
"19925","GO:0005345",0.00318307610698176,1,1,1,"purine nucleobase transmembrane transporter activity","MF","tf2bmbr","tf2bother","down","tf2","tf2bmbr_tf2bother"
"19926","GO:0006863",0.00318307610698176,1,1,1,"purine nucleobase transport","BP","tf2bmbr","tf2bother","down","tf2","tf2bmbr_tf2bother"
"19927","GO:0051017",0.00348910238734113,0.999995939906154,1,3,"actin filament bundle assembly","BP","tf2bmbr","tf2bother","down","tf2","tf2bmbr_tf2bother"
"19928","GO:0000220",0.00348916929345429,0.999995939750321,1,3,"vacuolar proton-transporting V-type ATPase, V0 domain","CC","tf2bmbr","tf2bother","down","tf2","tf2bmbr_tf2bother"
"19929","GO:0004820",0.00348975587917011,0.999995938383956,1,3,"glycine-tRNA ligase activity","MF","tf2bmbr","tf2bother","down","tf2","tf2bmbr_tf2bother"
"19930","GO:0006426",0.00348975587917011,0.999995938383956,1,3,"glycyl-tRNA aminoacylation","BP","tf2bmbr","tf2bother","down","tf2","tf2bmbr_tf2bother"
"19931","GO:0016757",0.00372128888936359,0.999315412788575,6,39,"transferase activity, transferring glycosyl groups","MF","tf2bmbr","tf2bother","down","tf2","tf2bmbr_tf2bother"
"19932","GO:0004823",0.00385402617761836,0.999996283251524,1,2,"leucine-tRNA ligase activity","MF","tf2bmbr","tf2bother","down","tf2","tf2bmbr_tf2bother"
"19933","GO:0006429",0.00385402617761836,0.999996283251524,1,2,"leucyl-tRNA aminoacylation","BP","tf2bmbr","tf2bother","down","tf2","tf2bmbr_tf2bother"
"19934","GO:0004370",0.00393030004175522,1,1,1,"glycerol kinase activity","MF","tf2bmbr","tf2bother","down","tf2","tf2bmbr_tf2bother"
"19935","GO:0006437",0.0040137940242389,1,1,1,"tyrosyl-tRNA aminoacylation","BP","tf2bmbr","tf2bother","down","tf2","tf2bmbr_tf2bother"
"19936","GO:0000165",0.00418469048666888,0.999034761218277,11,19,"MAPK cascade","BP","tf2bmbr","tf2bother","down","tf2","tf2bmbr_tf2bother"
"19937","GO:0000977",0.00418469048666888,0.999034761218277,11,19,"RNA polymerase II regulatory region sequence-specific DNA binding","MF","tf2bmbr","tf2bother","down","tf2","tf2bmbr_tf2bother"
"19938","GO:0006817",0.00422221187471645,0.999995538363654,1,2,"phosphate ion transport","BP","tf2bmbr","tf2bother","down","tf2","tf2bmbr_tf2bother"
"19939","GO:0005247",0.00452337785065657,0.999875784734913,2,10,"voltage-gated chloride channel activity","MF","tf2bmbr","tf2bother","down","tf2","tf2bmbr_tf2bother"
"19940","GO:0000184",0.00464944935618672,0.999991886041213,1,4,"nuclear-transcribed mRNA catabolic process, nonsense-mediated decay","BP","tf2bmbr","tf2bother","down","tf2","tf2bmbr_tf2bother"
"19941","GO:0003724",0.00464944948072923,0.999991886040778,1,4,"RNA helicase activity","MF","tf2bmbr","tf2bother","down","tf2","tf2bmbr_tf2bother"
"19942","GO:0045944",0.0049348535069351,0.998793152168298,11,20,"positive regulation of transcription from RNA polymerase II promoter","BP","tf2bmbr","tf2bother","down","tf2","tf2bmbr_tf2bother"
"19943","GO:0071949",0.00615384816395481,0.99981144749435,2,8,"FAD binding","MF","tf2bmbr","tf2bother","down","tf2","tf2bmbr_tf2bother"
"19944","GO:0019829",0.00696629192462809,0.99997974521794,1,6,"cation-transporting ATPase activity","MF","tf2bmbr","tf2bother","down","tf2","tf2bmbr_tf2bother"
"19945","GO:0005471",0.00706023788885127,0.999983349014723,1,3,"ATP:ADP antiporter activity","MF","tf2bmbr","tf2bother","down","tf2","tf2bmbr_tf2bother"
"19946","GO:0036459",0.00737124772688209,0.999005808780204,4,30,"thiol-dependent ubiquitinyl hydrolase activity","MF","tf2bmbr","tf2bother","down","tf2","tf2bmbr_tf2bother"
"19947","GO:0010333",0.00771976880068521,0.998230252070514,9,17,"terpene synthase activity","MF","tf2bmbr","tf2bother","down","tf2","tf2bmbr_tf2bother"
"19948","GO:0008641",0.00781043468087362,0.999710705738352,2,11,"small protein activating enzyme activity","MF","tf2bmbr","tf2bother","down","tf2","tf2bmbr_tf2bother"
"19949","GO:0006754",0.00815404310728349,0.999973344743323,1,5,"ATP biosynthetic process","BP","tf2bmbr","tf2bother","down","tf2","tf2bmbr_tf2bother"
"19950","GO:0006857",0.00867563492978037,0.998795223397939,4,25,"oligopeptide transport","BP","tf2bmbr","tf2bother","down","tf2","tf2bmbr_tf2bother"
"19951","GO:0008146",0.00890600359184628,0.998112079947311,8,15,"sulfotransferase activity","MF","tf2bmbr","tf2bother","down","tf2","tf2bmbr_tf2bother"
"19952","GO:0016758",0.00987748510636672,0.995923537705276,14,114,"transferase activity, transferring hexosyl groups","MF","tf2bmbr","tf2bother","down","tf2","tf2bmbr_tf2bother"
"19953","GO:0030127",0.0104314817483649,0.999951499078174,1,9,"COPII vesicle coat","CC","tf2bmbr","tf2bother","down","tf2","tf2bmbr_tf2bother"
"19954","GO:0008270",0.0105263662943976,0.992669586213807,71,789,"zinc ion binding","MF","tf2bmbr","tf2bother","down","tf2","tf2bmbr_tf2bother"
"19955","GO:0004411",0.0122086435833813,1,1,1,"homogentisate 1,2-dioxygenase activity","MF","tf2bmbr","tf2bother","down","tf2","tf2bmbr_tf2bother"
"19956","GO:0006570",0.0122086435833813,1,1,1,"tyrosine metabolic process","BP","tf2bmbr","tf2bother","down","tf2","tf2bmbr_tf2bother"
"19957","GO:0015743",0.0125824609339395,0.999946983990515,1,3,"malate transport","BP","tf2bmbr","tf2bother","down","tf2","tf2bmbr_tf2bother"
"19958","GO:0047262",0.0143912398424989,0.998461602900323,3,16,"polygalacturonate 4-alpha-galacturonosyltransferase activity","MF","tf2bmbr","tf2bother","down","tf2","tf2bmbr_tf2bother"
"19959","GO:0006814",0.0144319215721112,0.999912814517938,1,6,"sodium ion transport","BP","tf2bmbr","tf2bother","down","tf2","tf2bmbr_tf2bother"
"19960","GO:0007165",0.0155074030286208,0.995427467487734,7,104,"signal transduction","BP","tf2bmbr","tf2bother","down","tf2","tf2bmbr_tf2bother"
"19961","GO:0048544",0.0159957545092136,0.998143652708921,3,23,"recognition of pollen","BP","tf2bmbr","tf2bother","down","tf2","tf2bmbr_tf2bother"
"19962","GO:0016887",0.0160542706319664,0.993761494120699,11,94,"ATPase activity","MF","tf2bmbr","tf2bother","down","tf2","tf2bmbr_tf2bother"
"19963","GO:0004030",0.0161965016574164,0.999933948996847,1,2,"aldehyde dehydrogenase [NAD(P)+] activity","MF","tf2bmbr","tf2bother","down","tf2","tf2bmbr_tf2bother"
"19964","GO:0006081",0.0161965016574164,0.999933948996847,1,2,"cellular aldehyde metabolic process","BP","tf2bmbr","tf2bother","down","tf2","tf2bmbr_tf2bother"
"19965","GO:0003887",0.0171483750860517,0.99802545949141,3,17,"DNA-directed DNA polymerase activity","MF","tf2bmbr","tf2bother","down","tf2","tf2bmbr_tf2bother"
"19966","GO:0008495",0.0176739289839962,1,1,1,"protoheme IX farnesyltransferase activity","MF","tf2bmbr","tf2bother","down","tf2","tf2bmbr_tf2bother"
"19967","GO:0048034",0.0176739289839962,1,1,1,"heme O biosynthetic process","BP","tf2bmbr","tf2bother","down","tf2","tf2bmbr_tf2bother"
"19968","GO:0022857",0.0192856059415886,0.993723478407366,8,54,"transmembrane transporter activity","MF","tf2bmbr","tf2bother","down","tf2","tf2bmbr_tf2bother"
"19969","GO:0051015",0.0195411563354615,0.999855771504065,1,4,"actin filament binding","MF","tf2bmbr","tf2bother","down","tf2","tf2bmbr_tf2bother"
"19970","GO:0004000",0.0202184576294872,1,1,1,"adenosine deaminase activity","MF","tf2bmbr","tf2bother","down","tf2","tf2bmbr_tf2bother"
"19971","GO:0004419",0.02051604048928,1,1,1,"hydroxymethylglutaryl-CoA lyase activity","MF","tf2bmbr","tf2bother","down","tf2","tf2bmbr_tf2bother"
"19972","GO:0008081",0.0206485768780344,0.99743043192563,3,18,"phosphoric diester hydrolase activity","MF","tf2bmbr","tf2bother","down","tf2","tf2bmbr_tf2bother"
"19973","GO:0000272",0.0215685452564563,0.999799174561614,1,7,"polysaccharide catabolic process","BP","tf2bmbr","tf2bother","down","tf2","tf2bmbr_tf2bother"
"19974","GO:0016161",0.0215685452564563,0.999799174561614,1,7,"beta-amylase activity","MF","tf2bmbr","tf2bother","down","tf2","tf2bmbr_tf2bother"
"19975","GO:0030259",0.0217613634147104,0.999809102444987,1,5,"lipid glycosylation","BP","tf2bmbr","tf2bother","down","tf2","tf2bmbr_tf2bother"
"19976","GO:0015299",0.0221693830107851,0.997165542039446,3,18,"solute:proton antiporter activity","MF","tf2bmbr","tf2bother","down","tf2","tf2bmbr_tf2bother"
"19977","GO:0004335",0.0226911970159069,0.999869927822998,1,2,"galactokinase activity","MF","tf2bmbr","tf2bother","down","tf2","tf2bmbr_tf2bother"
"19978","GO:0071446",0.0233493921656311,0.998149204007475,3,5,"cellular response to salicylic acid stimulus","BP","tf2bmbr","tf2bother","down","tf2","tf2bmbr_tf2bother"
"19979","GO:2000031",0.0233493921656311,0.998149204007475,3,5,"regulation of salicylic acid mediated signaling pathway","BP","tf2bmbr","tf2bother","down","tf2","tf2bmbr_tf2bother"
"19980","GO:0016851",0.0237047998842961,0.999810884991656,1,3,"magnesium chelatase activity","MF","tf2bmbr","tf2bother","down","tf2","tf2bmbr_tf2bother"
"19981","GO:0003712",0.0264597817860879,0.996755592283777,3,10,"transcription cofactor activity","MF","tf2bmbr","tf2bother","down","tf2","tf2bmbr_tf2bother"
"19982","GO:0016829",0.0267244504874379,0.991226214752903,9,24,"lyase activity","MF","tf2bmbr","tf2bother","down","tf2","tf2bmbr_tf2bother"
"19983","GO:0009396",0.0270030310818415,0.996766257299023,3,9,"folic acid-containing compound biosynthetic process","BP","tf2bmbr","tf2bother","down","tf2","tf2bmbr_tf2bother"
"19984","GO:0022891",0.0270331480171594,0.994651681364473,4,29,"substrate-specific transmembrane transporter activity","MF","tf2bmbr","tf2bother","down","tf2","tf2bmbr_tf2bother"
"19985","GO:0055114",0.0270591771697363,0.979600563571393,90,814,"oxidation-reduction process","BP","tf2bmbr","tf2bother","down","tf2","tf2bmbr_tf2bother"
"19986","GO:0006821",0.0273826289960459,0.998034587994739,2,11,"chloride transport","BP","tf2bmbr","tf2bother","down","tf2","tf2bmbr_tf2bother"
"19987","GO:0003682",0.0289651407200267,0.994182989309516,4,27,"chromatin binding","MF","tf2bmbr","tf2bother","down","tf2","tf2bmbr_tf2bother"
"19988","GO:0016579",0.0292995005172198,0.993970948221153,4,35,"protein deubiquitination","BP","tf2bmbr","tf2bother","down","tf2","tf2bmbr_tf2bother"
"19989","GO:0007010",0.0293290139232039,0.999613866207966,1,9,"cytoskeleton organization","BP","tf2bmbr","tf2bother","down","tf2","tf2bmbr_tf2bother"
"19990","GO:0008483",0.0306117366270789,0.997535675481065,2,17,"transaminase activity","MF","tf2bmbr","tf2bother","down","tf2","tf2bmbr_tf2bother"
"19991","GO:0003924",0.0312779072884634,0.993183390660599,4,82,"GTPase activity","MF","tf2bmbr","tf2bother","down","tf2","tf2bmbr_tf2bother"
"19992","GO:0016874",0.0312812953785063,0.999540993473224,1,14,"ligase activity","MF","tf2bmbr","tf2bother","down","tf2","tf2bmbr_tf2bother"
"19993","GO:0003777",0.0320726606491204,0.993042905121954,4,56,"microtubule motor activity","MF","tf2bmbr","tf2bother","down","tf2","tf2bmbr_tf2bother"
"19994","GO:0007018",0.0320726606491204,0.993042905121954,4,56,"microtubule-based movement","BP","tf2bmbr","tf2bother","down","tf2","tf2bmbr_tf2bother"
"19995","GO:0016773",0.0321369972357037,0.995045881230212,3,29,"phosphotransferase activity, alcohol group as acceptor","MF","tf2bmbr","tf2bother","down","tf2","tf2bmbr_tf2bother"
"19996","GO:0008017",0.0329133672138455,0.991172863914475,5,74,"microtubule binding","MF","tf2bmbr","tf2bother","down","tf2","tf2bmbr_tf2bother"
"19997","GO:0005199",0.0363871888364369,0.995569888711866,4,6,"structural constituent of cell wall","MF","tf2bmbr","tf2bother","down","tf2","tf2bmbr_tf2bother"
"19998","GO:0002161",0.0375737000632711,0.99691470561389,2,9,"aminoacyl-tRNA editing activity","MF","tf2bmbr","tf2bother","down","tf2","tf2bmbr_tf2bother"
"19999","GO:0004722",0.0380050441141368,0.988059199204892,6,58,"protein serine/threonine phosphatase activity","MF","tf2bmbr","tf2bother","down","tf2","tf2bmbr_tf2bother"
"20000","GO:0043141",0.0384080992665885,0.99950018960238,1,3,"ATP-dependent 5'-3' DNA helicase activity","MF","tf2bmbr","tf2bother","down","tf2","tf2bmbr_tf2bother"
"20001","GO:0016301",0.0385652288605894,0.993459468589023,3,46,"kinase activity","MF","tf2bmbr","tf2bother","down","tf2","tf2bmbr_tf2bother"
"20002","GO:0008234",0.0387058477237126,0.987305716258479,7,30,"cysteine-type peptidase activity","MF","tf2bmbr","tf2bother","down","tf2","tf2bmbr_tf2bother"
"20003","GO:0006629",0.0414574648827397,0.982954612671568,9,95,"lipid metabolic process","BP","tf2bmbr","tf2bother","down","tf2","tf2bmbr_tf2bother"
"20004","GO:0006099",0.043234181156516,0.992747524392884,3,20,"tricarboxylic acid cycle","BP","tf2bmbr","tf2bother","down","tf2","tf2bmbr_tf2bother"
"20005","GO:0006811",0.0443351886717658,0.992417118526363,3,22,"ion transport","BP","tf2bmbr","tf2bother","down","tf2","tf2bmbr_tf2bother"
"20006","GO:0003856",0.0499110437594142,0.999361816194773,1,2,"3-dehydroquinate synthase activity","MF","tf2bmbr","tf2bother","down","tf2","tf2bmbr_tf2bother"
"21869","GO:0009765",3.15740951040167e-18,1,13,34,"photosynthesis, light harvesting","BP","tf2bmbr","tf2bother","up","tf2","tf2bmbr_tf2bother"
"21870","GO:0016020",5.08208925144179e-10,0.999999999928921,23,675,"membrane","CC","tf2bmbr","tf2bother","up","tf2","tf2bmbr_tf2bother"
"21871","GO:0005215",3.80456718857164e-05,0.999995313738304,8,169,"transporter activity","MF","tf2bmbr","tf2bother","up","tf2","tf2bmbr_tf2bother"
"21872","GO:0006810",0.000726266333701059,0.999860503224388,8,246,"transport","BP","tf2bmbr","tf2bother","up","tf2","tf2bmbr_tf2bother"
"21873","GO:0008146",0.000749032666809878,0.999972977856843,3,15,"sulfotransferase activity","MF","tf2bmbr","tf2bother","up","tf2","tf2bmbr_tf2bother"
"21874","GO:0004451",0.00597117427233803,1,1,1,"isocitrate lyase activity","MF","tf2bmbr","tf2bother","up","tf2","tf2bmbr_tf2bother"
"21875","GO:0008410",0.00606438595344647,1,1,1,"CoA-transferase activity","MF","tf2bmbr","tf2bother","up","tf2","tf2bmbr_tf2bother"
"21876","GO:0008171",0.00636559376434982,0.999783457970402,2,14,"O-methyltransferase activity","MF","tf2bmbr","tf2bother","up","tf2","tf2bmbr_tf2bother"
"21877","GO:0006979",0.00771593535350285,0.999298578853024,3,43,"response to oxidative stress","BP","tf2bmbr","tf2bother","up","tf2","tf2bmbr_tf2bother"
"21878","GO:0006950",0.00869768215272418,0.999169402356119,3,49,"response to stress","BP","tf2bmbr","tf2bother","up","tf2","tf2bmbr_tf2bother"
"21879","GO:0008168",0.0104056825702742,0.998386989251093,4,120,"methyltransferase activity","MF","tf2bmbr","tf2bother","up","tf2","tf2bmbr_tf2bother"
"21880","GO:0009415",0.0105972325430115,1,1,1,"response to water","BP","tf2bmbr","tf2bother","up","tf2","tf2bmbr_tf2bother"
"21881","GO:0019752",0.0110601270804223,0.999482509809566,2,19,"carboxylic acid metabolic process","BP","tf2bmbr","tf2bother","up","tf2","tf2bmbr_tf2bother"
"21882","GO:0008883",0.0120134760176312,0.999964083509254,1,2,"glutamyl-tRNA reductase activity","MF","tf2bmbr","tf2bother","up","tf2","tf2bmbr_tf2bother"
"21883","GO:0000234",0.0122252993970343,0.999962801755661,1,2,"phosphoethanolamine N-methyltransferase activity","MF","tf2bmbr","tf2bother","up","tf2","tf2bmbr_tf2bother"
"21884","GO:0006656",0.0122252993970343,0.999962801755661,1,2,"phosphatidylcholine biosynthetic process","BP","tf2bmbr","tf2bother","up","tf2","tf2bmbr_tf2bother"
"21885","GO:0008661",0.0158162348159339,0.999916908582826,1,3,"1-deoxy-D-xylulose-5-phosphate synthase activity","MF","tf2bmbr","tf2bother","up","tf2","tf2bmbr_tf2bother"
"21886","GO:0004096",0.0183215056156683,0.999888373560945,1,3,"catalase activity","MF","tf2bmbr","tf2bother","up","tf2","tf2bmbr_tf2bother"
"21887","GO:0016630",0.0198297865862631,0.999869148363992,1,3,"protochlorophyllide reductase activity","MF","tf2bmbr","tf2bother","up","tf2","tf2bmbr_tf2bother"
"21888","GO:0010309",0.0205600951625384,0.999894341245591,1,2,"acireductone dioxygenase [iron(II)-requiring] activity","MF","tf2bmbr","tf2bother","up","tf2","tf2bmbr_tf2bother"
"21889","GO:0050661",0.0244629409777052,0.998191229519606,2,36,"NADP binding","MF","tf2bmbr","tf2bother","up","tf2","tf2bmbr_tf2bother"
"21890","GO:0006952",0.0284040605480763,0.997786316047404,2,22,"defense response","BP","tf2bmbr","tf2bother","up","tf2","tf2bmbr_tf2bother"
"21891","GO:0019509",0.0333615282816276,0.999581143036646,1,4,"L-methionine biosynthetic process from methylthioadenosine","BP","tf2bmbr","tf2bother","up","tf2","tf2bmbr_tf2bother"
"21892","GO:0006814",0.0356191913116302,0.999469504883677,1,6,"sodium ion transport","BP","tf2bmbr","tf2bother","up","tf2","tf2bmbr_tf2bother"
"21893","GO:0016114",0.0362086105197381,0.999451672299122,1,6,"terpenoid biosynthetic process","BP","tf2bmbr","tf2bother","up","tf2","tf2bmbr_tf2bother"
"21894","GO:0004351",0.0364682927757527,0.99949882738449,1,4,"glutamate decarboxylase activity","MF","tf2bmbr","tf2bother","up","tf2","tf2bmbr_tf2bother"
"21895","GO:0006536",0.0364682927757527,0.99949882738449,1,4,"glutamate metabolic process","BP","tf2bmbr","tf2bother","up","tf2","tf2bmbr_tf2bother"
"21896","GO:0004601",0.0365243726523418,0.996654895351231,2,35,"peroxidase activity","MF","tf2bmbr","tf2bother","up","tf2","tf2bmbr_tf2bother"
"21897","GO:0000160",0.0384148230928516,0.996352866716459,2,44,"phosphorelay signal transduction system","BP","tf2bmbr","tf2bother","up","tf2","tf2bmbr_tf2bother"
"21898","GO:0033014",0.0386351621489024,0.999375104761034,1,6,"tetrapyrrole biosynthetic process","BP","tf2bmbr","tf2bother","up","tf2","tf2bmbr_tf2bother"
"21899","GO:0004332",0.0401787002065554,0.999323754472968,1,6,"fructose-bisphosphate aldolase activity","MF","tf2bmbr","tf2bother","up","tf2","tf2bmbr_tf2bother"
"21900","GO:0000272",0.0406110973666995,0.999289492856858,1,7,"polysaccharide catabolic process","BP","tf2bmbr","tf2bother","up","tf2","tf2bmbr_tf2bother"
"21901","GO:0016161",0.0406110973666995,0.999289492856858,1,7,"beta-amylase activity","MF","tf2bmbr","tf2bother","up","tf2","tf2bmbr_tf2bother"
"21902","GO:0019825",0.0476565589998081,0.999139975190497,1,4,"oxygen binding","MF","tf2bmbr","tf2bother","up","tf2","tf2bmbr_tf2bother"
"35794","GO:0046983",5.30950545158376e-08,0.999999986960104,27,148,"protein dimerization activity","MF","tf2cmbr","tf2cother","all","tf2","tf2cmbr_tf2cother"
"35795","GO:0004672",6.43920481835342e-08,0.999999981209912,34,716,"protein kinase activity","MF","tf2cmbr","tf2cother","all","tf2","tf2cmbr_tf2cother"
"35796","GO:0006468",6.43920481835342e-08,0.999999981209912,34,716,"protein phosphorylation","BP","tf2cmbr","tf2cother","all","tf2","tf2cmbr_tf2cother"
"35797","GO:0008152",2.71693923761315e-06,0.999999072795447,30,480,"metabolic process","BP","tf2cmbr","tf2cother","all","tf2","tf2cmbr_tf2cother"
"35798","GO:0005524",5.12957751598674e-06,0.999997709543748,54,1450,"ATP binding","MF","tf2cmbr","tf2cother","all","tf2","tf2cmbr_tf2cother"
"35799","GO:0016747",3.14991871143827e-05,0.999996267910201,8,61,"transferase activity, transferring acyl groups other than amino-acyl groups","MF","tf2cmbr","tf2cother","all","tf2","tf2cmbr_tf2cother"
"35800","GO:0055085",3.20772347208359e-05,0.999990520250187,19,315,"transmembrane transport","BP","tf2cmbr","tf2cother","all","tf2","tf2cmbr_tf2cother"
"35801","GO:0008661",0.000240336117397651,0.999999278966482,2,3,"1-deoxy-D-xylulose-5-phosphate synthase activity","MF","tf2cmbr","tf2cother","all","tf2","tf2cmbr_tf2cother"
"35802","GO:0019538",0.000282040104860816,0.999978489583452,5,19,"protein metabolic process","BP","tf2cmbr","tf2cother","all","tf2","tf2cmbr_tf2cother"
"35803","GO:0016746",0.00100000780787245,0.999924653798153,4,24,"transferase activity, transferring acyl groups","MF","tf2cmbr","tf2cother","all","tf2","tf2cmbr_tf2cother"
"35804","GO:0016758",0.00125721138461082,0.999704172167629,9,108,"transferase activity, transferring hexosyl groups","MF","tf2cmbr","tf2cother","all","tf2","tf2cmbr_tf2cother"
"35805","GO:0016705",0.00191394731499592,0.999565758811791,8,116,"oxidoreductase activity, acting on paired donors, with incorporation or reduction of molecular oxygen","MF","tf2cmbr","tf2cother","all","tf2","tf2cmbr_tf2cother"
"35806","GO:0005215",0.0020590033710693,0.999349571703644,12,162,"transporter activity","MF","tf2cmbr","tf2cother","all","tf2","tf2cmbr_tf2cother"
"35807","GO:0005975",0.00303370130237131,0.998933377089918,13,257,"carbohydrate metabolic process","BP","tf2cmbr","tf2cother","all","tf2","tf2cmbr_tf2cother"
"35808","GO:0004506",0.0038209707109146,0.999895928312773,3,4,"squalene monooxygenase activity","MF","tf2cmbr","tf2cother","all","tf2","tf2cmbr_tf2cother"
"35809","GO:0020037",0.00388768500719854,0.99860805430025,13,164,"heme binding","MF","tf2cmbr","tf2cother","all","tf2","tf2cmbr_tf2cother"
"35810","GO:0046872",0.00408597371004526,0.998081422647836,22,324,"metal ion binding","MF","tf2cmbr","tf2cother","all","tf2","tf2cmbr_tf2cother"
"35811","GO:0009725",0.00462799692361574,0.99966877786261,3,18,"response to hormone","BP","tf2cmbr","tf2cother","all","tf2","tf2cmbr_tf2cother"
"35812","GO:0004553",0.00510326490809603,0.9987795889001,7,126,"hydrolase activity, hydrolyzing O-glycosyl compounds","MF","tf2cmbr","tf2cother","all","tf2","tf2cmbr_tf2cother"
"35813","GO:0005506",0.0052575750509457,0.998230086310026,11,156,"iron ion binding","MF","tf2cmbr","tf2cother","all","tf2","tf2cmbr_tf2cother"
"35814","GO:0016114",0.00548384676759098,0.999855791143546,2,6,"terpenoid biosynthetic process","BP","tf2cmbr","tf2cother","all","tf2","tf2cmbr_tf2cother"
"35815","GO:0007094",0.00674249618203471,0.99981835638086,2,5,"mitotic spindle assembly checkpoint","BP","tf2cmbr","tf2cother","all","tf2","tf2cmbr_tf2cother"
"35816","GO:0050660",0.00710376504459739,0.998029041551873,8,79,"flavin adenine dinucleotide binding","MF","tf2cmbr","tf2cother","all","tf2","tf2cmbr_tf2cother"
"35817","GO:0016874",0.0077651148905922,0.999703633744492,2,14,"ligase activity","MF","tf2cmbr","tf2cother","all","tf2","tf2cmbr_tf2cother"
"35818","GO:0033925",0.0089136032819742,1,1,1,"mannosyl-glycoprotein endo-beta-N-acetylglucosaminidase activity","MF","tf2cmbr","tf2cother","all","tf2","tf2cmbr_tf2cother"
"35819","GO:0009638",0.00963826234729692,1,1,1,"phototropism","BP","tf2cmbr","tf2cother","all","tf2","tf2cmbr_tf2cother"
"35820","GO:0016884",0.00963826234729692,1,1,1,"carbon-nitrogen ligase activity, with glutamine as amido-N-donor","MF","tf2cmbr","tf2cother","all","tf2","tf2cmbr_tf2cother"
"35821","GO:0004451",0.00964667921785358,1,1,1,"isocitrate lyase activity","MF","tf2cmbr","tf2cother","all","tf2","tf2cmbr_tf2cother"
"35822","GO:0008763",0.0099279761013566,1,1,1,"UDP-N-acetylmuramate-L-alanine ligase activity","MF","tf2cmbr","tf2cother","all","tf2","tf2cmbr_tf2cother"
"35823","GO:0006508",0.0102189355999226,0.996005922773973,12,252,"proteolysis","BP","tf2cmbr","tf2cother","all","tf2","tf2cmbr_tf2cother"
"35824","GO:0008356",0.0111960726858642,1,1,1,"asymmetric cell division","BP","tf2cmbr","tf2cother","all","tf2","tf2cmbr_tf2cother"
"35825","GO:0009956",0.0111960726858642,1,1,1,"radial pattern formation","BP","tf2cmbr","tf2cother","all","tf2","tf2cmbr_tf2cother"
"35826","GO:0048366",0.0111960726858642,1,1,1,"leaf development","BP","tf2cmbr","tf2cother","all","tf2","tf2cmbr_tf2cother"
"35827","GO:0004657",0.0117036802472469,1,1,1,"proline dehydrogenase activity","MF","tf2cmbr","tf2cother","all","tf2","tf2cmbr_tf2cother"
"35828","GO:0006562",0.0117036802472469,1,1,1,"proline catabolic process","BP","tf2cmbr","tf2cother","all","tf2","tf2cmbr_tf2cother"
"35829","GO:0008033",0.0132298773404768,0.997394389627983,5,26,"tRNA processing","BP","tf2cmbr","tf2cother","all","tf2","tf2cmbr_tf2cother"
"35830","GO:0000159",0.0210005435876734,0.998662002688224,2,13,"protein phosphatase type 2A complex","CC","tf2cmbr","tf2cother","all","tf2","tf2cmbr_tf2cother"
"35831","GO:0016760",0.0218061749694268,0.998530753741702,2,18,"cellulose synthase (UDP-forming) activity","MF","tf2cmbr","tf2cother","all","tf2","tf2cmbr_tf2cother"
"35832","GO:0000234",0.0231789396380548,0.999864416259934,1,2,"phosphoethanolamine N-methyltransferase activity","MF","tf2cmbr","tf2cother","all","tf2","tf2cmbr_tf2cother"
"35833","GO:0006656",0.0231789396380548,0.999864416259934,1,2,"phosphatidylcholine biosynthetic process","BP","tf2cmbr","tf2cother","all","tf2","tf2cmbr_tf2cother"
"35834","GO:0016887",0.0253082436644927,0.993646992989379,5,88,"ATPase activity","MF","tf2cmbr","tf2cother","all","tf2","tf2cmbr_tf2cother"
"35835","GO:0009252",0.0254096586495243,0.999836877950737,1,2,"peptidoglycan biosynthetic process","BP","tf2cmbr","tf2cother","all","tf2","tf2cmbr_tf2cother"
"35836","GO:0004072",0.0254713341300286,0.999781753565995,1,3,"aspartate kinase activity","MF","tf2cmbr","tf2cother","all","tf2","tf2cmbr_tf2cother"
"35837","GO:0046856",0.0257303210148242,0.998328225899089,2,8,"phosphatidylinositol dephosphorylation","BP","tf2cmbr","tf2cother","all","tf2","tf2cmbr_tf2cother"
"35838","GO:0003676",0.0262638594549638,0.983572509109889,33,618,"nucleic acid binding","MF","tf2cmbr","tf2cother","all","tf2","tf2cmbr_tf2cother"
"35839","GO:0007165",0.0270809065248383,0.993053303396181,5,103,"signal transduction","BP","tf2cmbr","tf2cother","all","tf2","tf2cmbr_tf2cother"
"35840","GO:0006810",0.0270938110982519,0.986412920802134,16,238,"transport","BP","tf2cmbr","tf2cother","all","tf2","tf2cmbr_tf2cother"
"35841","GO:0003997",0.0273109279238265,0.999748881039231,1,3,"acyl-CoA oxidase activity","MF","tf2cmbr","tf2cother","all","tf2","tf2cmbr_tf2cother"
"35842","GO:0006855",0.0294618815490306,0.995530464145789,3,41,"drug transmembrane transport","BP","tf2cmbr","tf2cother","all","tf2","tf2cmbr_tf2cother"
"35843","GO:0015238",0.0294618815490306,0.995530464145789,3,41,"drug transmembrane transporter activity","MF","tf2cmbr","tf2cother","all","tf2","tf2cmbr_tf2cother"
"35844","GO:0015297",0.0294618815490306,0.995530464145789,3,41,"antiporter activity","MF","tf2cmbr","tf2cother","all","tf2","tf2cmbr_tf2cother"
"35845","GO:0016846",0.0315472562574086,0.999747766237123,1,2,"carbon-sulfur lyase activity","MF","tf2cmbr","tf2cother","all","tf2","tf2cmbr_tf2cother"
"35846","GO:0015743",0.0317583823939405,0.999659746534561,1,3,"malate transport","BP","tf2cmbr","tf2cother","all","tf2","tf2cmbr_tf2cother"
"35847","GO:0042626",0.0340976769681747,0.994633478250222,3,29,"ATPase activity, coupled to transmembrane movement of substances","MF","tf2cmbr","tf2cother","all","tf2","tf2cmbr_tf2cother"
"35848","GO:0004096",0.0353113169353761,0.999578674145352,1,3,"catalase activity","MF","tf2cmbr","tf2cother","all","tf2","tf2cmbr_tf2cother"
"35849","GO:0003995",0.035442517496873,0.997186091528582,2,9,"acyl-CoA dehydrogenase activity","MF","tf2cmbr","tf2cother","all","tf2","tf2cmbr_tf2cother"
"35850","GO:0022857",0.0359342077704682,0.991976987218956,4,51,"transmembrane transporter activity","MF","tf2cmbr","tf2cother","all","tf2","tf2cmbr_tf2cother"
"35851","GO:0004650",0.0363167080120616,0.996782350400714,2,18,"polygalacturonase activity","MF","tf2cmbr","tf2cother","all","tf2","tf2cmbr_tf2cother"
"35852","GO:0019888",0.0370740712104541,0.99676342904165,2,14,"protein phosphatase regulator activity","MF","tf2cmbr","tf2cother","all","tf2","tf2cmbr_tf2cother"
"35853","GO:0008171",0.0382535677404256,0.994182808433318,3,14,"O-methyltransferase activity","MF","tf2cmbr","tf2cother","all","tf2","tf2cmbr_tf2cother"
"35854","GO:0003824",0.0384035052887026,0.976520092567247,26,694,"catalytic activity","MF","tf2cmbr","tf2cother","all","tf2","tf2cmbr_tf2cother"
"35855","GO:0080019",0.0395795086586267,0.999469628911275,1,3,"fatty-acyl-CoA reductase (alcohol-forming) activity","MF","tf2cmbr","tf2cother","all","tf2","tf2cmbr_tf2cother"
"35856","GO:0030001",0.0397653816975562,0.98747012704328,6,53,"metal ion transport","BP","tf2cmbr","tf2cother","all","tf2","tf2cmbr_tf2cother"
"35857","GO:0007275",0.040839426920276,0.990717066295205,4,34,"multicellular organism development","BP","tf2cmbr","tf2cother","all","tf2","tf2cmbr_tf2cother"
"35858","GO:0004048",0.0438688543748522,0.999509145655988,1,2,"anthranilate phosphoribosyltransferase activity","MF","tf2cmbr","tf2cother","all","tf2","tf2cmbr_tf2cother"
"35859","GO:0006635",0.0446055664235537,0.999191425095893,1,5,"fatty acid beta-oxidation","BP","tf2cmbr","tf2cother","all","tf2","tf2cmbr_tf2cother"
"35860","GO:0016020",0.045405941100211,0.970861174836908,30,653,"membrane","CC","tf2cmbr","tf2cother","all","tf2","tf2cmbr_tf2cother"
"35861","GO:0008417",0.0462326102429021,0.999274120848321,1,3,"fucosyltransferase activity","MF","tf2cmbr","tf2cother","all","tf2","tf2cmbr_tf2cother"
"35862","GO:0019829",0.0462540435531476,0.999094187374372,1,6,"cation-transporting ATPase activity","MF","tf2cmbr","tf2cother","all","tf2","tf2cmbr_tf2cother"
"35863","GO:0000165",0.048093752226582,0.99235433324,3,11,"MAPK cascade","BP","tf2cmbr","tf2cother","all","tf2","tf2cmbr_tf2cother"
"35864","GO:0000977",0.048093752226582,0.99235433324,3,11,"RNA polymerase II regulatory region sequence-specific DNA binding","MF","tf2cmbr","tf2cother","all","tf2","tf2cmbr_tf2cother"
"35865","GO:0008519",0.0490359290794826,0.999081447933815,1,4,"ammonium transmembrane transporter activity","MF","tf2cmbr","tf2cother","all","tf2","tf2cmbr_tf2cother"
"35866","GO:0015696",0.0490359290794826,0.999081447933815,1,4,"ammonium transport","BP","tf2cmbr","tf2cother","all","tf2","tf2cmbr_tf2cother"
"35867","GO:0072488",0.0490359290794826,0.999081447933815,1,4,"ammonium transmembrane transport","BP","tf2cmbr","tf2cother","all","tf2","tf2cmbr_tf2cother"
"35868","GO:0005992",0.0496664808387018,0.994835904715666,2,16,"trehalose biosynthetic process","BP","tf2cmbr","tf2cother","all","tf2","tf2cmbr_tf2cother"
"37781","GO:0004672",2.6210288749893e-07,0.999999942141528,20,716,"protein kinase activity","MF","tf2cmbr","tf2cother","down","tf2","tf2cmbr_tf2cother"
"37782","GO:0006468",2.6210288749893e-07,0.999999942141528,20,716,"protein phosphorylation","BP","tf2cmbr","tf2cother","down","tf2","tf2cmbr_tf2cother"
"37783","GO:0046983",1.16589188948272e-05,0.999997047712465,18,148,"protein dimerization activity","MF","tf2cmbr","tf2cother","down","tf2","tf2cmbr_tf2cother"
"37784","GO:0005524",2.24961531495327e-05,0.999991266360922,31,1450,"ATP binding","MF","tf2cmbr","tf2cother","down","tf2","tf2cmbr_tf2cother"
"37785","GO:0016874",0.000153922811723767,0.999999199770744,2,14,"ligase activity","MF","tf2cmbr","tf2cother","down","tf2","tf2cmbr_tf2cother"
"37786","GO:0055085",0.000314047222221651,0.999925145933861,11,315,"transmembrane transport","BP","tf2cmbr","tf2cother","down","tf2","tf2cmbr_tf2cother"
"37787","GO:0005515",0.000800357160804239,0.999552091932432,51,2427,"protein binding","MF","tf2cmbr","tf2cother","down","tf2","tf2cmbr_tf2cother"
"37788","GO:0033925",0.000977291759288941,1,1,1,"mannosyl-glycoprotein endo-beta-N-acetylglucosaminidase activity","MF","tf2cmbr","tf2cother","down","tf2","tf2cmbr_tf2cother"
"37789","GO:0016884",0.00105930377399865,1,1,1,"carbon-nitrogen ligase activity, with glutamine as amido-N-donor","MF","tf2cmbr","tf2cother","down","tf2","tf2cmbr_tf2cother"
"37790","GO:0003676",0.00118364978162711,0.99945282848987,27,618,"nucleic acid binding","MF","tf2cmbr","tf2cother","down","tf2","tf2cmbr_tf2cother"
"37791","GO:0008763",0.00126445928955215,1,1,1,"UDP-N-acetylmuramate-L-alanine ligase activity","MF","tf2cmbr","tf2cother","down","tf2","tf2cmbr_tf2cother"
"37792","GO:0004506",0.00145610805317412,0.999972181190759,3,4,"squalene monooxygenase activity","MF","tf2cmbr","tf2cother","down","tf2","tf2cmbr_tf2cother"
"37793","GO:0007094",0.00202594118802018,0.999970690949593,2,5,"mitotic spindle assembly checkpoint","BP","tf2cmbr","tf2cother","down","tf2","tf2cmbr_tf2cother"
"37794","GO:0008033",0.00242086478890702,0.999684698314923,5,26,"tRNA processing","BP","tf2cmbr","tf2cother","down","tf2","tf2cmbr_tf2cother"
"37795","GO:0016747",0.00262368659335869,0.999725374609092,4,61,"transferase activity, transferring acyl groups other than amino-acyl groups","MF","tf2cmbr","tf2cother","down","tf2","tf2cmbr_tf2cother"
"37796","GO:0008661",0.00292916563393059,0.999997146839227,1,3,"1-deoxy-D-xylulose-5-phosphate synthase activity","MF","tf2cmbr","tf2cother","down","tf2","tf2cmbr_tf2cother"
"37797","GO:0003997",0.00292949598700797,0.999997146195206,1,3,"acyl-CoA oxidase activity","MF","tf2cmbr","tf2cother","down","tf2","tf2cmbr_tf2cother"
"37798","GO:0004072",0.00308276913324786,0.999996839540642,1,3,"aspartate kinase activity","MF","tf2cmbr","tf2cother","down","tf2","tf2cmbr_tf2cother"
"37799","GO:0016705",0.00339026676800324,0.999476593432687,5,116,"oxidoreductase activity, acting on paired donors, with incorporation or reduction of molecular oxygen","MF","tf2cmbr","tf2cother","down","tf2","tf2cmbr_tf2cother"
"37800","GO:0008152",0.00349766384447791,0.998693257537846,14,480,"metabolic process","BP","tf2cmbr","tf2cother","down","tf2","tf2cmbr_tf2cother"
"37801","GO:0000159",0.0037985111329309,0.999900887282005,2,13,"protein phosphatase type 2A complex","CC","tf2cmbr","tf2cother","down","tf2","tf2cmbr_tf2cother"
"37802","GO:0006635",0.00487745865642902,0.999990500721331,1,5,"fatty acid beta-oxidation","BP","tf2cmbr","tf2cother","down","tf2","tf2cmbr_tf2cother"
"37803","GO:0015743",0.00568021038927891,0.999989257587055,1,3,"malate transport","BP","tf2cmbr","tf2cother","down","tf2","tf2cmbr_tf2cother"
"37804","GO:0008271",0.00684743452340512,0.999979927091625,1,7,"secondary active sulfate transmembrane transporter activity","MF","tf2cmbr","tf2cother","down","tf2","tf2cmbr_tf2cother"
"37805","GO:0008272",0.00684743452340512,0.999979927091625,1,7,"sulfate transport","BP","tf2cmbr","tf2cother","down","tf2","tf2cmbr_tf2cother"
"37806","GO:0015116",0.00684743452340512,0.999979927091625,1,7,"sulfate transmembrane transporter activity","MF","tf2cmbr","tf2cother","down","tf2","tf2cmbr_tf2cother"
"37807","GO:0009252",0.00699831627349028,0.999987758124514,1,2,"peptidoglycan biosynthetic process","BP","tf2cmbr","tf2cother","down","tf2","tf2cmbr_tf2cother"
"37808","GO:0050660",0.00720826016175927,0.998423527480136,6,79,"flavin adenine dinucleotide binding","MF","tf2cmbr","tf2cother","down","tf2","tf2cmbr_tf2cother"
"37809","GO:0019888",0.0095797901739623,0.999593030210172,2,14,"protein phosphatase regulator activity","MF","tf2cmbr","tf2cother","down","tf2","tf2cmbr_tf2cother"
"37810","GO:0080019",0.0118253944311128,0.999953312314882,1,3,"fatty-acyl-CoA reductase (alcohol-forming) activity","MF","tf2cmbr","tf2cother","down","tf2","tf2cmbr_tf2cother"
"37811","GO:0016846",0.0118612942662291,0.999964747300049,1,2,"carbon-sulfur lyase activity","MF","tf2cmbr","tf2cother","down","tf2","tf2cmbr_tf2cother"
"37812","GO:0003995",0.0133777304534534,0.999370577982229,2,9,"acyl-CoA dehydrogenase activity","MF","tf2cmbr","tf2cother","down","tf2","tf2cmbr_tf2cother"
"37813","GO:0005488",0.0138877230072048,0.996411299054038,6,291,"binding","MF","tf2cmbr","tf2cother","down","tf2","tf2cmbr_tf2cother"
"37814","GO:0046872",0.0156121513994097,0.99307302950735,14,324,"metal ion binding","MF","tf2cmbr","tf2cother","down","tf2","tf2cmbr_tf2cother"
"37815","GO:0008417",0.0171624977126235,0.999901422692621,1,3,"fucosyltransferase activity","MF","tf2cmbr","tf2cother","down","tf2","tf2cmbr_tf2cother"
"37816","GO:0000165",0.0190463220678407,0.997901471566558,3,11,"MAPK cascade","BP","tf2cmbr","tf2cother","down","tf2","tf2cmbr_tf2cother"
"37817","GO:0000977",0.0190463220678407,0.997901471566558,3,11,"RNA polymerase II regulatory region sequence-specific DNA binding","MF","tf2cmbr","tf2cother","down","tf2","tf2cmbr_tf2cother"
"37818","GO:0045944",0.0196054138563332,0.997772233109415,3,12,"positive regulation of transcription from RNA polymerase II promoter","BP","tf2cmbr","tf2cother","down","tf2","tf2cmbr_tf2cother"
"37819","GO:0004048",0.0216540860423896,0.999881921887414,1,2,"anthranilate phosphoribosyltransferase activity","MF","tf2cmbr","tf2cother","down","tf2","tf2cmbr_tf2cother"
"37820","GO:0016301",0.0269663227827573,0.997859635973099,2,46,"kinase activity","MF","tf2cmbr","tf2cother","down","tf2","tf2cmbr_tf2cother"
"37821","GO:0008652",0.0291528648023892,0.999625418824034,1,8,"cellular amino acid biosynthetic process","BP","tf2cmbr","tf2cother","down","tf2","tf2cmbr_tf2cother"
"37822","GO:0009916",0.0325097207524385,0.999732372196476,1,2,"alternative oxidase activity","MF","tf2cmbr","tf2cother","down","tf2","tf2cmbr_tf2cother"
"37823","GO:0004084",0.0334808225420296,0.999622055017689,1,3,"branched-chain-amino-acid transaminase activity","MF","tf2cmbr","tf2cother","down","tf2","tf2cmbr_tf2cother"
"37824","GO:0009081",0.0334808225420296,0.999622055017689,1,3,"branched-chain amino acid metabolic process","BP","tf2cmbr","tf2cother","down","tf2","tf2cmbr_tf2cother"
"37825","GO:0000162",0.0339433600595838,0.999515255458636,1,6,"tryptophan biosynthetic process","BP","tf2cmbr","tf2cother","down","tf2","tf2cmbr_tf2cother"
"37826","GO:0007165",0.0341175511249297,0.99438565653328,3,103,"signal transduction","BP","tf2cmbr","tf2cother","down","tf2","tf2cmbr_tf2cother"
"37827","GO:0005506",0.0388558682753648,0.987443022127765,6,156,"iron ion binding","MF","tf2cmbr","tf2cother","down","tf2","tf2cmbr_tf2cother"
"37828","GO:0003860",0.0405921550981268,0.996626301937862,2,8,"3-hydroxyisobutyryl-CoA hydrolase activity","MF","tf2cmbr","tf2cother","down","tf2","tf2cmbr_tf2cother"
"37829","GO:0004674",0.0410664993653332,0.995931376257489,2,40,"protein serine/threonine kinase activity","MF","tf2cmbr","tf2cother","down","tf2","tf2cmbr_tf2cother"
"37830","GO:0016757",0.0456728010060054,0.995214336781467,2,38,"transferase activity, transferring glycosyl groups","MF","tf2cmbr","tf2cother","down","tf2","tf2cmbr_tf2cother"
"39768","GO:0016758",2.75572087345288e-05,0.999996203009441,9,108,"transferase activity, transferring hexosyl groups","MF","tf2cmbr","tf2cother","up","tf2","tf2cmbr_tf2cother"
"39769","GO:0046983",0.000313987443473647,0.999939475362564,9,148,"protein dimerization activity","MF","tf2cmbr","tf2cother","up","tf2","tf2cmbr_tf2cother"
"39770","GO:0005215",0.000608569637033097,0.999871058449685,9,162,"transporter activity","MF","tf2cmbr","tf2cother","up","tf2","tf2cmbr_tf2cother"
"39771","GO:0006810",0.000731691413175492,0.999809935438576,11,238,"transport","BP","tf2cmbr","tf2cother","up","tf2","tf2cmbr_tf2cother"
"39772","GO:0009664",0.00122048330533411,0.999947324251579,3,15,"plant-type cell wall organization","BP","tf2cmbr","tf2cother","up","tf2","tf2cmbr_tf2cother"
"39773","GO:0008152",0.00174947116534165,0.999354906622938,16,480,"metabolic process","BP","tf2cmbr","tf2cother","up","tf2","tf2cmbr_tf2cother"
"39774","GO:0019538",0.00249019128362975,0.99985709638714,3,19,"protein metabolic process","BP","tf2cmbr","tf2cother","up","tf2","tf2cmbr_tf2cother"
"39775","GO:0020037",0.00277072157040266,0.999335136653411,8,164,"heme binding","MF","tf2cmbr","tf2cother","up","tf2","tf2cmbr_tf2cother"
"39776","GO:0005576",0.0038327016025395,0.999739365241445,3,22,"extracellular region","CC","tf2cmbr","tf2cother","up","tf2","tf2cmbr_tf2cother"
"39777","GO:0005975",0.00443896817103177,0.998633118774949,10,257,"carbohydrate metabolic process","BP","tf2cmbr","tf2cother","up","tf2","tf2cmbr_tf2cother"
"39778","GO:0016746",0.00493092079996946,0.999629912554503,3,24,"transferase activity, transferring acyl groups","MF","tf2cmbr","tf2cother","up","tf2","tf2cmbr_tf2cother"
"39779","GO:0030001",0.00734923544942306,0.998983842996996,4,53,"metal ion transport","BP","tf2cmbr","tf2cother","up","tf2","tf2cmbr_tf2cother"
"39780","GO:0004553",0.0103210686355842,0.997545171703786,6,126,"hydrolase activity, hydrolyzing O-glycosyl compounds","MF","tf2cmbr","tf2cother","up","tf2","tf2cmbr_tf2cother"
"39781","GO:0006073",0.0106758423302154,0.99953797321643,2,11,"cellular glucan metabolic process","BP","tf2cmbr","tf2cother","up","tf2","tf2cmbr_tf2cother"
"39782","GO:0010411",0.0106758423302154,0.99953797321643,2,11,"xyloglucan metabolic process","BP","tf2cmbr","tf2cother","up","tf2","tf2cmbr_tf2cother"
"39783","GO:0016762",0.0106758423302154,0.99953797321643,2,11,"xyloglucan:xyloglucosyl transferase activity","MF","tf2cmbr","tf2cother","up","tf2","tf2cmbr_tf2cother"
"39784","GO:0042546",0.0106758423302154,0.99953797321643,2,11,"cell wall biogenesis","BP","tf2cmbr","tf2cother","up","tf2","tf2cmbr_tf2cother"
"39785","GO:0016747",0.0119749785621237,0.99808160721346,4,61,"transferase activity, transferring acyl groups other than amino-acyl groups","MF","tf2cmbr","tf2cother","up","tf2","tf2cmbr_tf2cother"
"39786","GO:0048046",0.0126891215406731,0.999390553725356,2,12,"apoplast","CC","tf2cmbr","tf2cother","up","tf2","tf2cmbr_tf2cother"
"39787","GO:0004451",0.0145904436860599,1,1,1,"isocitrate lyase activity","MF","tf2cmbr","tf2cother","up","tf2","tf2cmbr_tf2cother"
"39788","GO:0004657",0.0145904436860599,1,1,1,"proline dehydrogenase activity","MF","tf2cmbr","tf2cother","up","tf2","tf2cmbr_tf2cother"
"39789","GO:0006562",0.0145904436860599,1,1,1,"proline catabolic process","BP","tf2cmbr","tf2cother","up","tf2","tf2cmbr_tf2cother"
"39790","GO:0008356",0.0145904436860599,1,1,1,"asymmetric cell division","BP","tf2cmbr","tf2cother","up","tf2","tf2cmbr_tf2cother"
"39791","GO:0009415",0.0145904436860599,1,1,1,"response to water","BP","tf2cmbr","tf2cother","up","tf2","tf2cmbr_tf2cother"
"39792","GO:0009638",0.0145904436860599,1,1,1,"phototropism","BP","tf2cmbr","tf2cother","up","tf2","tf2cmbr_tf2cother"
"39793","GO:0009956",0.0145904436860599,1,1,1,"radial pattern formation","BP","tf2cmbr","tf2cother","up","tf2","tf2cmbr_tf2cother"
"39794","GO:0046658",0.0145904436860599,1,1,1,"anchored component of plasma membrane","CC","tf2cmbr","tf2cother","up","tf2","tf2cmbr_tf2cother"
"39795","GO:0048366",0.0145904436860599,1,1,1,"leaf development","BP","tf2cmbr","tf2cother","up","tf2","tf2cmbr_tf2cother"
"39796","GO:0051716",0.0145904436860599,1,1,1,"cellular response to stimulus","BP","tf2cmbr","tf2cother","up","tf2","tf2cmbr_tf2cother"
"39797","GO:0008171",0.0171648570143621,0.999013078205945,2,14,"O-methyltransferase activity","MF","tf2cmbr","tf2cother","up","tf2","tf2cmbr_tf2cother"
"39798","GO:0006979",0.0177157327902057,0.997806475275512,3,38,"response to oxidative stress","BP","tf2cmbr","tf2cother","up","tf2","tf2cmbr_tf2cother"
"39799","GO:0005992",0.0222080844749562,0.998513890648528,2,16,"trehalose biosynthetic process","BP","tf2cmbr","tf2cother","up","tf2","tf2cmbr_tf2cother"
"39800","GO:0004252",0.0228437633269372,0.995535950259872,4,74,"serine-type endopeptidase activity","MF","tf2cmbr","tf2cother","up","tf2","tf2cmbr_tf2cother"
"39801","GO:0009725",0.0277825631689607,0.997880433084692,2,18,"response to hormone","BP","tf2cmbr","tf2cother","up","tf2","tf2cmbr_tf2cother"
"39802","GO:0000234",0.0289692331843358,0.999788345812216,1,2,"phosphoethanolamine N-methyltransferase activity","MF","tf2cmbr","tf2cother","up","tf2","tf2cmbr_tf2cother"
"39803","GO:0006656",0.0289692331843358,0.999788345812216,1,2,"phosphatidylcholine biosynthetic process","BP","tf2cmbr","tf2cother","up","tf2","tf2cmbr_tf2cother"
"39804","GO:0016020",0.029092434381404,0.985354109512886,16,653,"membrane","CC","tf2cmbr","tf2cother","up","tf2","tf2cmbr_tf2cother"
"39805","GO:0006950",0.0293048358042257,0.995569167746633,3,46,"response to stress","BP","tf2cmbr","tf2cother","up","tf2","tf2cmbr_tf2cother"
"39806","GO:0016887",0.0396546158271673,0.990771393176823,4,88,"ATPase activity","MF","tf2cmbr","tf2cother","up","tf2","tf2cmbr_tf2cother"
"39807","GO:0008661",0.0431394210257743,0.99937114249856,1,3,"1-deoxy-D-xylulose-5-phosphate synthase activity","MF","tf2cmbr","tf2cother","up","tf2","tf2cmbr_tf2cother"
"39808","GO:0004096",0.043139421025783,0.999371142498559,1,3,"catalase activity","MF","tf2cmbr","tf2cother","up","tf2","tf2cmbr_tf2cother"
"39809","GO:0009813",0.043139421025783,0.999371142498559,1,3,"flavonoid biosynthetic process","BP","tf2cmbr","tf2cother","up","tf2","tf2cmbr_tf2cother"
"39810","GO:0045430",0.043139421025783,0.999371142498559,1,3,"chalcone isomerase activity","MF","tf2cmbr","tf2cother","up","tf2","tf2cmbr_tf2cother"
"39811","GO:0004857",0.047354767150289,0.995069079200031,2,24,"enzyme inhibitor activity","MF","tf2cmbr","tf2cother","up","tf2","tf2cmbr_tf2cother"
